회차,당첨번호,,,,,,,,,,,,,,,,,,,
year,회차,일자,1등 당첨자수,1등 당첨액,2등 당첨자수,2등 당첨액,3등 당첨자수,3등 당첨액,4등 당첨자수,4등 당첨액,5등 당첨자수,5등 당첨액,당첨번호#1,당첨번호#2,당첨번호#3,당첨번호#4,당첨번호#5,당첨번호#6,당첨번호#7
2026,1205,2026.01.03,10,32263862630,97,5377310527,3486,5377311870,174740,8737000000,2915978,14579890000,1,4,16,23,31,41,2
2025,1204,2025.12.27,18,"1,661,007,688",95,"52,452,875","3,361","1,482,602","164,919","50,000","2,753,835","5,000",8,16,28,30,31,44,27
2025,1203,2025.12.20,21,"1,368,060,733",118,"40,578,073","3,588","1,334,508","171,960","50,000","2,784,823","5,000",3,6,18,29,35,39,24
2025,1202,2025.12.13,14,"1,920,410,813",109,"41,109,712","3,764","1,190,478","180,212","50,000","2,723,770","5,000",5,12,21,33,37,40,7
2025,1201,2025.12.6,19,"1,414,555,718",84,"53,326,506","3,321","1,348,819","166,050","50,000","2,711,377","5,000",7,9,24,27,35,36,37
2025,1200,2025.11.29,12,"2,357,299,875",80,"58,932,497","3,584","1,315,458","161,754","50,000","2,673,060","5,000",1,2,4,16,20,32,45
2025,1199,2025.11.22,17,"1,695,609,839",75,"64,056,372","3,504","1,371,070","157,073","50,000","2,604,985","5,000",16,24,25,30,31,32,7
2025,1198,2025.11.15,10,"2,953,686,638",78,"63,112,963","3,110","1,582,898","155,228","50,000","2,591,974","5,000",26,30,33,38,39,41,21
2025,1197,2025.11.8,13,"2,205,089,827",74,"64,563,441","3,087","1,547,683","162,871","50,000","2,751,422","5,000",1,5,7,26,28,43,30
2025,1196,2025.11.1,15,"2,001,627,550",94,"53,234,776","2,837","1,763,860","153,894","50,000","2,619,093","5,000",8,12,15,29,40,45,14
2025,1195,2025.10.25,10,"2,939,186,738",86,"56,960,984","3,337","1,467,979","165,621","50,000","2,797,760","5,000",3,15,27,33,34,36,37
2025,1194,2025.10.18,28,"985,155,349",99,"46,438,300","5,442","844,799","186,820","50,000","2,884,544","5,000",3,13,15,24,33,37,2
2025,1193,2025.10.11,16,"1,717,013,508",84,"54,508,366","3,635","1,259,616","175,936","50,000","2,782,376","5,000",6,9,16,19,24,28,17
2025,1192,2025.10.4,29,"1,079,546,587",95,"54,924,300","3,476","1,501,096","171,551","50,000","2,841,016","5,000",10,16,23,36,39,40,11
2025,1191,2025.9.27,18,"1,536,334,355",132,"34,916,690","3,649","1,263,087","184,758","50,000","2,905,296","5,000",1,4,11,12,20,41,2
2025,1190,2025.9.20,6,"4,622,793,813",113,"40,909,680","3,293","1,403,825","168,764","50,000","2,752,776","5,000",7,9,19,23,26,45,33
2025,1189,2025.9.13,13,"2,263,651,299",167,"29,368,730","3,121","1,571,477","152,345","50,000","2,577,694","5,000",9,19,29,35,37,38,31
2025,1188,2025.9.6,24,"1,074,625,172",111,"38,725,232","3,713","1,157,690","188,314","50,000","2,901,056","5,000",3,4,12,19,22,27,9
2025,1187,2025.8.30,11,"2,619,380,012",79,"60,787,300","3,147","1,525,961","152,448","50,000","2,557,090","5,000",5,13,26,29,37,40,42
2025,1186,2025.8.23,14,"1,985,676,911",89,"52,058,946","3,226","1,436,221","162,707","50,000","2,628,810","5,000",2,8,13,16,23,28,35
2025,1185,2025.8.16,12,"2,388,695,125",79,"60,473,295","2,903","1,645,674","153,798","50,000","2,566,276","5,000",6,17,22,28,29,32,38
2025,1184,2025.8.9,15,"1,910,655,600",95,"50,280,411","3,115","1,533,432","155,556","50,000","2,576,710","5,000",14,16,23,25,31,37,42
2025,1183,2025.8.2,13,"2,073,966,000",92,"48,843,403","3,623","1,240,297","169,030","50,000","2,680,548","5,000",4,15,17,23,27,36,31
2025,1182,2025.7.26,13,"2,124,785,424",79,"58,274,706","3,015","1,526,933","156,025","50,000","2,616,958","5,000",1,13,21,25,28,31,22
2025,1181,2025.7.19,17,"1,593,643,500",86,"52,503,759","3,109","1,452,340","155,938","50,000","2,596,371","5,000",8,10,14,20,33,41,28
2025,1180,2025.7.12,11,"2,535,566,421",72,"64,563,034","3,010","1,544,365","153,274","50,000","2,567,395","5,000",6,12,18,37,40,41,3
2025,1179,2025.7.5,13,"2,162,821,097",63,"74,382,737","2,989","1,567,787","148,832","50,000","2,516,368","5,000",3,16,18,24,40,44,21
2025,1178,2025.6.28,12,"2,391,608,407",89,"53,744,010","3,061","1,562,633","157,044","50,000","2,653,841","5,000",5,6,11,27,43,44,17
2025,1177,2025.6.21,6,"4,576,672,000",75,"61,022,294","3,111","1,471,126","157,438","50,000","2,644,128","5,000",3,7,15,16,19,43,21
2025,1176,2025.6.14,13,"2,052,166,154",89,"49,959,102","3,533","1,258,523","171,545","50,000","2,746,919","5,000",7,9,11,21,30,35,29
2025,1175,2025.6.7,20,"1,384,026,094",92,"50,145,873","3,178","1,451,675","164,364","50,000","2,723,718","5,000",3,4,6,8,32,42,31
2025,1174,2025.5.31,15,"1,910,619,425",85,"56,194,689","3,196","1,494,540","158,944","50,000","2,670,129","5,000",8,11,14,17,36,39,22
2025,1173,2025.5.24,24,"1,179,946,063",94,"50,210,471","3,139","1,503,595","163,678","50,000","2,689,832","5,000",1,5,18,20,30,35,3
2025,1172,2025.5.17,13,"2,203,004,452",98,"48,705,881","3,059","1,560,372","152,897","50,000","2,590,472","5,000",7,9,24,40,42,44,45
2025,1171,2025.5.10,21,"1,128,345,286",148,"26,683,842","5,317","742,752","211,503","50,000","3,094,806","5,000",3,6,7,11,12,17,19
2025,1170,2025.5.3,20,"1,386,550,969",103,"44,872,200","5,668","815,427","163,866","50,000","2,637,401","5,000",3,13,28,34,38,42,25
2025,1169,2025.4.26,10,"2,852,735,813",112,"42,451,426","3,244","1,465,648","160,483","50,000","2,668,194","5,000",5,12,24,26,39,42,20
2025,1168,2025.4.19,13,"2,136,635,914",74,"62,559,160","3,514","1,317,410","166,163","50,000","2,712,545","5,000",9,21,24,30,33,37,29
2025,1167,2025.4.12,10,"2,884,087,913",69,"69,663,960","2,942","1,633,859","157,094","50,000","2,614,372","5,000",8,23,31,35,39,40,24
2025,1166,2025.4.5,14,"2,072,319,938",80,"60,442,665","2,803","1,725,085","147,837","50,000","2,456,735","5,000",14,23,25,27,29,42,16
2025,1165,2025.3.29,13,"2,192,485,270",91,"52,202,031","3,173","1,497,128","158,014","50,000","2,630,455","5,000",6,7,27,29,38,45,17
2025,1164,2025.3.22,13,"2,193,092,164",76,"62,522,365","3,470","1,369,366","170,045","50,000","2,807,095","5,000",17,18,23,25,38,39,22
2025,1163,2025.3.15,15,"1,936,891,150",75,"64,563,039","3,386","1,430,074","168,204","50,000","2,795,027","5,000",2,13,15,16,33,43,4
2025,1162,2025.3.8,36,"823,931,021",78,"63,379,310","4,752","1,040,317","160,953","50,000","2,538,565","5,000",20,21,22,25,28,29,6
2025,1161,2025.3.1,16,"1,792,657,969",117,"40,858,302","4,107","1,163,970","181,457","50,000","2,859,815","5,000",2,12,20,24,34,42,37
2025,1160,2025.2.22,12,"2,509,359,875",84,"59,746,664","3,176","1,580,202","160,611","50,000","2,681,692","5,000",7,13,18,36,39,45,19
2025,1159,2025.2.15,23,"1,284,854,250",110,"44,775,224","3,742","1,316,215","177,373","50,000","2,826,061","5,000",3,9,27,28,38,39,7
2025,1158,2025.2.8,21,"1,394,358,197",86,"56,747,136","3,032","1,609,583","155,209","50,000","2,610,120","5,000",21,25,27,32,37,38,20
2025,1157,2025.2.1,12,"2,257,842,157",141,"32,026,130","4,549","992,677","201,847","50,000","3,100,779","5,000",5,7,12,20,25,26,28
2025,1156,2025.1.25,21,"1,505,207,090",73,"72,167,464","3,494","1,507,792","162,883","50,000","2,706,409","5,000",30,31,34,39,41,45,7
2025,1155,2025.1.18,7,"4,066,375,179",78,"60,821,851","3,171","1,496,091","160,366","50,000","2,654,046","5,000",10,16,19,27,37,38,13
2025,1154,2025.1.11,15,"1,854,965,425",62,"74,796,993","3,190","1,453,735","154,785","50,000","2,559,114","5,000",4,8,22,26,32,38,27
2025,1153,2025.1.4,15,"2,027,312,925",79,"64,155,473","3,506","1,445,603","167,692","50,000","2,848,165","5,000",1,9,10,13,35,44,5
2024,1152,2024.12.28,35,"874,349,668",79,"64,561,685","3,354","1,520,684","146,890","50,000","2,440,804","5,000",30,31,32,35,36,37,5
2024,1151,2024.12.21,17,"1,620,503,030",102,"45,013,974","3,351","1,370,166","163,055","50,000","2,635,014","5,000",2,3,9,15,27,29,8
2024,1150,2024.12.14,17,"1,570,620,309",226,"19,690,668","3,413","1,303,865","166,846","50,000","2,626,598","5,000",8,9,18,35,39,45,25
2024,1149,2024.12.7,17,"1,613,380,765",74,"61,773,588","2,924","1,563,354","145,209","50,000","2,448,589","5,000",8,15,19,21,32,36,38
2024,1148,2024.11.30,13,"2,073,332,308",97,"46,311,547","3,082","1,457,567","154,963","50,000","2,581,682","5,000",3,6,13,15,16,22,32
2024,1147,2024.11.23,8,"3,323,422,079",83,"53,388,307","3,588","1,235,014","173,036","50,000","2,750,379","5,000",7,11,24,26,27,37,32
2024,1146,2024.11.16,11,"2,526,476,353",72,"64,331,574","3,030","1,528,672","158,146","50,000","2,677,017","5,000",6,11,17,19,40,43,28
2024,1145,2024.11.9,9,"3,051,630,084",63,"72,657,860","3,312","1,382,079","164,055","50,000","2,647,054","5,000",2,11,31,33,37,44,32
2024,1144,2024.11.2,18,"1,489,347,375",94,"47,532,364","3,626","1,232,224","172,239","50,000","2,766,594","5,000",3,4,12,15,26,34,6
2024,1143,2024.10.26,11,"2,545,657,023",90,"51,855,977","3,154","1,479,721","156,400","50,000","2,612,029","5,000",10,16,17,27,28,36,6
2024,1142,2024.10.19,9,"3,117,517,709",67,"69,795,173","2,841","1,645,997","146,936","50,000","2,474,033","5,000",2,8,28,30,37,41,22
2024,1141,2024.10.12,11,"2,457,758,285",100,"45,058,902","3,371","1,336,663","165,233","50,000","2,718,563","5,000",7,11,12,21,26,35,20
2024,1140,2024.10.5,12,"2,279,823,938",83,"54,935,517","3,345","1,363,124","158,343","50,000","2,644,989","5,000",7,10,22,29,31,38,15
2024,1139,2024.9.28,13,"2,167,490,972",75,"62,616,406","3,240","1,449,454","163,236","50,000","2,645,260","5,000",5,12,15,30,37,40,18
2024,1138,2024.9.21,14,"1,902,656,786",50,"88,790,650","2,865","1,549,576","145,690","50,000","2,404,999","5,000",14,16,19,20,29,34,35
2024,1137,2024.9.14,14,"2,023,447,688",111,"42,534,937","3,323","1,420,818","163,296","50,000","2,737,836","5,000",4,9,12,15,33,45,26
2024,1136,2024.9.7,12,"2,314,468,157",75,"61,719,151","2,906","1,592,890","144,451","50,000","2,452,383","5,000",21,33,35,38,42,44,1
2024,1135,2024.8.31,9,"2,953,726,125",91,"48,687,794","3,417","1,296,632","163,808","50,000","2,654,691","5,000",1,6,13,19,21,33,4
2024,1134,2024.8.24,14,"1,755,689,384",97,"42,233,078","3,961","1,034,236","180,353","50,000","2,807,905","5,000",3,7,9,13,19,24,23
2024,1133,2024.8.17,13,"2,105,079,491",73,"62,479,529","2,737","1,666,426","143,047","50,000","2,393,005","5,000",13,14,20,28,29,34,23
2024,1132,2024.8.10,11,"2,404,951,807",73,"60,398,334","3,086","1,428,736","148,359","50,000","2,463,697","5,000",6,7,19,28,34,41,5
2024,1131,2024.8.3,17,"1,542,367,898",56,"78,036,471","2,861","1,527,453","144,842","50,000","2,471,592","5,000",1,2,6,14,27,38,33
2024,1130,2024.7.27,12,"2,263,301,219",69,"65,602,934","2,900","1,560,898","137,397","50,000","2,334,975","5,000",15,19,21,25,27,28,40
2024,1129,2024.7.20,11,"2,369,567,660",107,"40,600,069","3,142","1,382,625","154,322","50,000","2,542,398","5,000",5,10,11,17,28,34,22
2024,1128,2024.7.13,63,"419,925,560",77,"57,262,577","2,987","1,476,137","153,592","50,000","2,545,750","5,000",1,5,8,16,28,33,45
2024,1127,2024.7.6,12,"2,267,891,969",84,"53,997,428","3,007","1,508,409","145,646","50,000","2,443,423","5,000",10,15,24,30,31,37,32
2024,1126,2024.6.29,11,"2,386,382,421",91,"48,077,302","3,114","1,404,957","157,300","50,000","2,626,764","5,000",4,5,9,11,37,40,7
2024,1125,2024.6.22,12,"2,195,289,188",78,"56,289,467","3,066","1,432,022","147,313","50,000","2,442,674","5,000",6,14,25,33,40,44,30
2024,1124,2024.6.15,10,"2,623,327,913",87,"50,255,324","3,123","1,400,005","158,630","50,000","2,619,643","5,000",3,8,17,30,33,34,28
2024,1123,2024.6.8,16,"1,731,310,711",77,"59,958,813","2,945","1,567,684","147,087","50,000","2,456,500","5,000",13,19,21,24,34,35,26
2024,1122,2024.6.1,11,"2,556,266,046",99,"47,338,261","2,932","1,598,393","151,473","50,000","2,540,890","5,000",3,6,21,30,34,35,22
2024,1121,2024.5.25,11,"2,524,513,262",76,"60,898,347","2,956","1,565,723","148,984","50,000","2,494,773","5,000",6,24,31,32,38,44,8
2024,1120,2024.5.18,11,"2,522,163,375",91,"50,812,816","3,049","1,516,552","154,910","50,000","2,532,990","5,000",2,19,26,31,38,41,34
2024,1119,2024.5.11,19,"1,396,028,764",97,"45,574,823","3,108","1,422,381","155,000","50,000","2,560,859","5,000",1,9,12,13,20,45,3
2024,1118,2024.5.4,19,"1,477,445,132",72,"64,980,226","3,518","1,329,897","145,194","50,000","2,435,050","5,000",11,13,14,15,16,45,3
2024,1117,2024.4.27,9,"3,028,385,542",94,"48,325,302","3,161","1,437,071","155,379","50,000","2,567,618","5,000",3,4,9,30,33,36,7
2024,1116,2024.4.20,10,"2,695,000,238",114,"39,400,589","2,896","1,550,991","145,548","50,000","2,444,108","5,000",15,16,17,25,30,31,32
2024,1115,2024.4.13,12,"2,257,278,282",60,"75,242,610","3,103","1,454,901","158,614","50,000","2,584,491","5,000",7,12,23,32,34,36,8
2024,1114,2024.4.6,17,"1,583,813,824",88,"50,994,006","3,221","1,393,193","160,537","50,000","2,574,463","5,000",10,16,19,32,33,38,3
2024,1113,2024.3.30,14,"1,987,426,822",57,"81,356,654","2,936","1,579,472","146,997","50,000","2,444,535","5,000",11,13,20,21,32,44,8
2024,1112,2024.3.23,10,"2,804,455,650",59,"79,221,912","3,077","1,519,043","148,163","50,000","2,461,430","5,000",16,20,26,36,42,44,24
2024,1111,2024.3.16,16,"1,714,662,540",97,"47,138,490","5,096","897,260","171,363","50,000","2,608,760","5,000",3,13,30,33,43,45,4
2024,1110,2024.3.9,16,"1,647,392,719",118,"37,229,214","3,654","1,202,258","173,234","50,000","2,747,163","5,000",3,7,11,20,22,41,24
2024,1109,2024.3.2,17,"1,584,352,875",84,"53,440,474","3,347","1,341,202","180,255","50,000","2,734,683","5,000",10,12,13,19,33,40,2
2024,1108,2024.2.24,14,"1,957,990,849",96,"47,590,056","3,227","1,415,757","157,579","50,000","2,572,268","5,000",7,19,26,37,39,44,27
2024,1107,2024.2.17,14,"2,025,625,233",82,"57,639,743","3,357","1,407,942","162,265","50,000","2,581,512","5,000",6,14,30,31,40,41,29
2024,1106,2024.2.10,11,"2,790,462,819",67,"76,355,948","3,374","1,516,257","168,792","50,000","2,788,452","5,000",1,3,4,29,42,45,36
2024,1105,2024.2.3,15,"1,834,853,800",83,"55,266,681","2,898","1,582,863","148,700","50,000","2,503,114","5,000",6,16,34,37,39,40,11
2024,1104,2024.1.27,15,"1,817,193,100",76,"59,776,089","3,000","1,514,328","148,589","50,000","2,490,276","5,000",1,7,21,30,35,38,2
2024,1103,2024.1.20,17,"1,574,419,633",76,"58,695,469","2,909","1,533,468","144,537","50,000","2,436,768","5,000",10,12,29,31,40,44,2
2024,1102,2024.1.13,20,"1,383,591,413",63,"73,205,895","3,042","1,516,099","147,705","50,000","2,461,606","5,000",13,14,22,26,37,38,20
2024,1101,2024.1.6,13,"2,100,529,500",75,"60,681,964","3,363","1,353,300","159,797","50,000","2,596,082","5,000",6,7,13,28,36,42,41
2023,1100,2023.12.30,13,"2,207,575,472",81,"59,050,373","2,869","1,667,160","146,262","50,000","2,503,154","5,000",17,26,29,30,31,43,12
2023,1099,2023.12.23,9,"2,959,934,125",71,"62,533,820","2,701","1,643,800","134,122","50,000","2,306,011","5,000",3,20,28,38,40,43,4
2023,1098,2023.12.16,13,"1,930,461,895",68,"61,509,816","2,840","1,472,771","138,090","50,000","2,311,866","5,000",12,16,21,24,41,43,15
2023,1097,2023.12.9,7,"3,864,293,090",67,"67,288,686","2,631","1,713,547","135,670","50,000","2,317,263","5,000",14,33,34,35,37,40,4
2023,1096,2023.12.2,10,"2,539,391,175",85,"49,791,984","2,924","1,447,442","141,700","50,000","2,386,598","5,000",1,12,16,19,23,43,34
2023,1095,2023.11.25,10,"2,617,825,575",57,"76,544,608","2,584","1,688,484","135,653","50,000","2,278,659","5,000",8,14,28,29,34,40,12
2023,1094,2023.11.18,12,"2,112,854,469",87,"48,571,368","2,725","1,550,719","136,802","50,000","2,278,728","5,000",6,7,15,22,26,40,41
2023,1093,2023.11.11,13,"1,967,040,750",65,"65,568,025","2,928","1,455,575","141,232","50,000","2,327,509","5,000",10,17,22,30,35,43,44
2023,1092,2023.11.4,16,"1,583,289,844",84,"50,263,170","3,327","1,269,044","160,096","50,000","2,540,721","5,000",7,18,19,26,33,45,37
2023,1091,2023.10.28,9,"2,898,470,459",65,"66,887,780","2,873","1,513,299","149,578","50,000","2,481,449","5,000",6,20,23,24,28,30,44
2023,1090,2023.10.21,11,"2,386,494,614",88,"49,718,638","2,931","1,492,747","143,714","50,000","2,398,962","5,000",12,19,21,29,40,45,1
2023,1089,2023.10.14,9,"2,978,522,167",79,"56,554,219","2,825","1,581,517","138,575","50,000","2,338,390","5,000",4,18,31,37,42,43,40
2023,1088,2023.10.7,11,"2,434,697,898",94,"47,485,243","2,991","1,492,348","141,487","50,000","2,352,280","5,000",11,21,22,30,39,44,31
2023,1087,2023.9.30,16,"1,732,253,602",71,"65,061,169","2,989","1,545,448","149,854","50,000","2,506,601","5,000",13,14,18,21,34,44,16
2023,1086,2023.9.23,17,"1,515,913,809",67,"64,105,808","3,270","1,313,483","155,241","50,000","2,500,478","5,000",11,16,25,27,35,36,37
2023,1085,2023.9.16,23,"1,073,277,473",80,"51,427,879","3,471","1,185,316","156,670","50,000","2,475,529","5,000",4,7,17,18,38,44,36
2023,1084,2023.9.9,15,"1,738,764,600",107,"40,625,342","3,003","1,447,523","151,391","50,000","2,512,924","5,000",8,12,13,29,33,42,5
2023,1083,2023.9.2,15,"1,713,084,525",72,"59,482,102","3,274","1,308,098","154,536","50,000","2,501,816","5,000",3,7,14,15,22,38,17
2023,1082,2023.8.26,7,"3,720,489,643",62,"70,009,214","2,768","1,568,126","142,123","50,000","2,390,544","5,000",21,26,27,32,34,42,31
2023,1081,2023.8.19,11,"2,343,892,944",92,"46,708,012","2,923","1,470,112","143,152","50,000","2,390,493","5,000",1,9,16,23,24,38,17
2023,1080,2023.8.12,7,"3,639,444,429",82,"51,780,714","2,720","1,561,037","136,257","50,000","2,254,999","5,000",13,16,23,31,36,44,38
2023,1079,2023.8.5,9,"2,712,329,417",85,"47,864,637","3,212","1,266,655","145,773","50,000","2,344,700","5,000",4,8,18,24,37,45,6
2023,1078,2023.7.29,12,"2,141,604,938",77,"55,626,103","2,691","1,591,680","135,352","50,000","2,334,106","5,000",6,10,11,14,36,38,43
2023,1077,2023.7.22,7,"3,570,901,018",98,"42,510,727","3,235","1,287,806","149,808","50,000","2,428,987","5,000",4,8,17,30,40,43,34
2023,1076,2023.7.15,9,"2,672,689,750",86,"46,616,682","3,109","1,289,494","148,521","50,000","2,417,204","5,000",3,7,9,33,36,37,10
2023,1075,2023.7.8,9,"2,896,337,167",160,"27,153,161","2,750","1,579,821","134,529","50,000","2,267,024","5,000",1,23,24,35,44,45,10
2023,1074,2023.7.1,12,"2,134,763,657",78,"54,737,530","2,711","1,574,891","143,155","50,000","2,311,622","5,000",1,6,20,27,28,41,15
2023,1073,2023.6.24,11,"2,345,227,603",62,"69,348,129","2,994","1,436,067","146,834","50,000","2,387,538","5,000",6,18,28,30,32,38,15
2023,1072,2023.6.17,12,"2,175,006,375",93,"46,774,331","2,872","1,514,629","145,504","50,000","2,400,605","5,000",16,18,20,23,32,43,27
2023,1071,2023.6.10,5,"5,183,979,750",83,"52,047,990","2,891","1,494,287","143,234","50,000","2,391,950","5,000",1,2,11,21,30,35,39
2023,1070,2023.6.3,14,"1,859,116,929",63,"68,856,183","2,938","1,476,495","142,759","50,000","2,353,987","5,000",3,6,14,22,30,41,36
2023,1069,2023.5.27,14,"1,863,217,554",79,"55,031,743","3,006","1,446,277","146,335","50,000","2,419,527","5,000",1,10,18,22,28,31,44
2023,1068,2023.5.20,19,"1,363,929,514",87,"49,644,944","3,114","1,386,998","150,789","50,000","2,480,427","5,000",4,7,19,26,33,35,3
2023,1067,2023.5.13,13,"1,981,114,010",82,"52,346,509","3,679","1,166,734","163,488","50,000","2,567,588","5,000",7,10,19,23,28,33,18
2023,1066,2023.5.6,15,"1,670,947,250",88,"47,470,093","3,323","1,257,108","152,826","50,000","2,432,046","5,000",6,11,16,19,21,32,45
2023,1065,2023.4.29,14,"1,852,593,938",74,"58,415,125","3,117","1,386,821","148,561","50,000","2,416,212","5,000",3,18,19,23,32,45,24
2023,1064,2023.4.22,19,"1,348,168,106",62,"68,858,049","3,296","1,295,267","158,665","50,000","2,525,390","5,000",3,6,9,18,22,35,14
2023,1063,2023.4.15,7,"3,770,311,875",55,"79,976,313","2,706","1,625,535","139,518","50,000","2,401,618","5,000",3,6,22,23,24,38,30
2023,1062,2023.4.8,7,"3,801,933,804",68,"65,229,257","2,668","1,662,515","133,599","50,000","2,278,058","5,000",20,31,32,40,41,45,12
2023,1061,2023.4.1,11,"2,422,768,773",99,"44,866,089","3,003","1,479,102","145,857","50,000","2,425,576","5,000",4,24,27,35,37,45,15
2023,1060,2023.3.25,28,"898,238,907",96,"43,664,392","4,593","912,646","179,475","50,000","2,566,118","5,000",3,10,24,33,38,45,36
2023,1059,2023.3.18,13,"2,033,168,481",83,"53,074,680","3,127","1,408,762","151,941","50,000","2,516,955","5,000",7,10,22,25,34,40,27
2023,1058,2023.3.11,13,"2,058,020,250",60,"74,317,398","3,074","1,450,568","152,446","50,000","2,545,208","5,000",11,23,25,30,32,40,42
2023,1057,2023.3.4,17,"1,616,069,714",664,"6,895,880","2,962","1,545,870","146,471","50,000","2,461,496","5,000",8,13,19,27,40,45,12
2023,1056,2023.2.25,14,"1,969,662,456",81,"56,739,248","3,223","1,425,964","150,996","50,000","2,464,595","5,000",13,20,24,32,36,45,29
2023,1055,2023.2.18,11,"2,362,815,205",92,"47,085,086","3,413","1,269,215","165,590","50,000","2,662,001","5,000",4,7,12,14,22,33,31
2023,1054,2023.2.11,9,"3,147,925,709",66,"71,543,767","2,714","1,739,827","140,308","50,000","2,407,955","5,000",14,19,27,28,30,45,33
2023,1053,2023.2.4,7,"4,090,367,411",64,"74,563,990","2,702","1,766,135","136,905","50,000","2,367,764","5,000",22,26,29,30,34,45,15
2023,1052,2023.1.28,11,"2,341,682,762",108,"39,750,788","2,926","1,467,220","148,178","50,000","2,405,830","5,000",5,17,26,27,35,38,1
2023,1051,2023.1.21,18,"1,669,558,480",70,"71,552,507","2,824","1,773,611","143,314","50,000","2,477,370","5,000",21,26,30,32,33,35,44
2023,1050,2023.1.14,17,"1,535,083,280",70,"62,134,324","2,866","1,517,587","144,610","50,000","2,402,116","5,000",6,12,31,35,38,43,17
2023,1049,2023.1.7,15,"1,727,810,100",89,"48,533,992","2,968","1,455,366","147,061","50,000","2,462,622","5,000",3,5,13,20,21,37,17
2022,1048,2022.12.31,17,"1,612,494,508",102,"44,791,515","3,817","1,196,944","170,086","50,000","2,721,555","5,000",6,12,17,21,32,39,30
2022,1047,2022.12.24,9,"2,748,797,875",83,"49,677,071","2,728","1,511,436","139,530","50,000","2,313,403","5,000",2,20,33,40,42,44,32
2022,1046,2022.12.17,12,"2,011,415,719",57,"70,575,991","2,959","1,359,524","139,560","50,000","2,260,269","5,000",7,16,25,29,35,36,28
2022,1045,2022.12.10,13,"1,990,060,443",67,"64,355,189","2,699","1,597,554","135,872","50,000","2,280,432","5,000",6,14,15,19,21,41,37
2022,1044,2022.12.3,8,"3,136,941,235",72,"58,091,505","2,597","1,610,547","134,226","50,000","2,254,796","5,000",12,17,20,26,28,36,4
2022,1043,2022.11.26,17,"1,468,646,956",86,"48,385,656","3,156","1,318,494","155,087","50,000","2,495,858","5,000",3,5,12,22,26,31,19
2022,1042,2022.11.19,20,"1,240,663,669",100,"41,355,456","3,567","1,159,391","157,156","50,000","2,462,593","5,000",5,14,15,23,34,43,4
2022,1041,2022.11.12,25,"935,091,165",85,"45,837,803","3,947","987,133","167,535","50,000","2,620,869","5,000",6,7,9,11,17,18,45
2022,1040,2022.11.5,7,"3,660,482,625",63,"67,786,716","2,583","1,653,335","133,245","50,000","2,235,373","5,000",8,16,26,29,31,36,11
2022,1039,2022.10.29,16,"1,585,019,672",80,"52,833,990","2,773","1,524,241","140,403","50,000","2,359,126","5,000",2,3,6,19,36,39,26
2022,1038,2022.10.22,15,"1,627,457,225",77,"52,839,521","3,364","1,209,466","154,690","50,000","2,436,512","5,000",7,16,24,27,37,44,2
2022,1037,2022.10.15,15,"1,708,576,825",78,"54,762,078","2,713","1,574,435","137,021","50,000","2,279,500","5,000",2,14,15,22,27,33,31
2022,1036,2022.10.8,9,"2,837,323,167",64,"66,499,762","2,593","1,641,337","133,443","50,000","2,231,388","5,000",2,5,22,32,34,45,39
2022,1035,2022.10.1,8,"3,231,193,735",71,"60,679,695","2,848","1,512,732","141,624","50,000","2,366,499","5,000",9,14,34,35,41,42,2
2022,1034,2022.9.24,9,"2,868,856,209",66,"65,201,278","2,898","1,484,916","142,939","50,000","2,400,364","5,000",26,31,32,33,38,40,11
2022,1033,2022.9.17,13,"1,913,414,943",79,"52,477,625","3,083","1,344,708","145,505","50,000","2,376,004","5,000",3,11,15,20,35,44,10
2022,1032,2022.9.10,10,"2,675,257,538",90,"49,541,807","3,078","1,448,591","149,807","50,000","2,458,611","5,000",1,6,12,19,36,42,28
2022,1031,2022.9.3,8,"3,213,957,563",64,"66,957,450","2,789","1,536,493","132,815","50,000","2,247,015","5,000",6,7,22,32,35,36,19
2022,1030,2022.8.27,19,"1,276,406,507",104,"38,864,942","3,278","1,233,055","154,929","50,000","2,473,576","5,000",2,5,11,17,24,29,9
2022,1029,2022.8.20,10,"2,527,848,450",62,"67,952,916","2,614","1,611,738","125,573","50,000","2,136,972","5,000",12,30,32,37,39,41,24
2022,1028,2022.8.13,20,"1,181,235,132",91,"43,268,687","2,810","1,401,228","142,778","50,000","2,333,653","5,000",5,7,12,13,18,35,23
2022,1027,2022.8.6,10,"2,460,504,338",83,"49,407,718","2,700","1,518,830","134,097","50,000","2,217,201","5,000",14,16,27,35,39,45,5
2022,1026,2022.7.30,15,"1,619,118,475",76,"53,260,477","2,786","1,452,907","138,907","50,000","2,290,094","5,000",5,12,13,31,32,41,34
2022,1025,2022.7.23,4,"6,118,853,344",69,"59,119,356","2,671","1,527,232","134,665","50,000","2,258,426","5,000",8,9,20,25,29,33,7
2022,1024,2022.7.16,8,"3,020,323,500",63,"63,922,191","2,616","1,539,411","134,065","50,000","2,224,097","5,000",9,18,20,22,38,44,10
2022,1023,2022.7.9,9,"2,745,677,875",72,"57,201,623","2,506","1,643,463","127,810","50,000","2,172,239","5,000",10,14,16,18,29,35,25
2022,1022,2022.7.2,5,"4,866,468,075",63,"64,371,271","2,580","1,571,857","127,962","50,000","2,155,059","5,000",5,6,11,29,42,45,28
2022,1021,2022.6.25,12,"2,108,962,250",56,"75,320,081","2,461","1,713,907","126,484","50,000","2,182,497","5,000",12,15,17,24,29,45,16
2022,1020,2022.6.18,13,"1,966,431,520",77,"55,332,489","2,817","1,512,461","138,221","50,000","2,300,467","5,000",12,27,29,38,41,45,6
2022,1019,2022.6.11,50,"438,565,140",75,"48,729,460","5,823","627,634","192,646","50,000","2,506,493","5,000",1,4,13,17,34,39,6
2022,1018,2022.6.4,2,"12,361,744,688",62,"66,460,993","2,693","1,530,109","130,602","50,000","2,216,230","5,000",3,19,21,25,37,45,35
2022,1017,2022.5.28,7,"3,517,684,822",70,"58,628,081","2,596","1,580,881","133,621","50,000","2,235,724","5,000",12,18,22,23,30,34,32
2022,1016,2022.5.21,11,"2,260,660,671",68,"60,949,185","2,686","1,543,018","132,413","50,000","2,202,914","5,000",15,26,28,34,41,42,44
2022,1015,2022.5.14,8,"3,051,105,610",102,"39,883,734","2,880","1,412,549","144,321","50,000","2,304,033","5,000",14,23,31,33,37,40,44
2022,1014,2022.5.7,10,"2,410,449,338",69,"58,223,414","2,849","1,410,115","143,906","50,000","2,372,712","5,000",3,11,14,18,26,27,21
2022,1013,2022.4.30,5,"5,047,570,725",79,"53,244,417","2,586","1,626,570","128,697","50,000","2,157,701","5,000",21,22,26,34,36,41,32
2022,1012,2022.4.23,13,"1,861,944,318",76,"53,081,746","2,882","1,399,797","141,514","50,000","2,324,952","5,000",5,11,18,20,35,45,3
2022,1011,2022.4.16,11,"2,220,348,512",76,"53,561,039","2,818","1,444,514","137,485","50,000","2,292,065","5,000",1,9,12,26,35,38,42
2022,1010,2022.4.9,8,"3,119,380,079",66,"63,017,780","2,781","1,495,568","136,828","50,000","2,278,193","5,000",9,12,15,25,34,36,3
2022,1009,2022.4.2,15,"1,702,462,825",69,"61,683,436","2,632","1,617,081","133,476","50,000","2,232,525","5,000",15,23,29,34,40,44,20
2022,1008,2022.3.26,11,"2,267,377,910",97,"42,854,222","2,826","1,470,935","141,072","50,000","2,311,009","5,000",9,11,30,31,41,44,33
2022,1007,2022.3.19,9,"2,718,786,375",70,"58,259,709","2,844","1,433,960","137,134","50,000","2,256,573","5,000",8,11,16,19,21,25,40
2022,1006,2022.3.12,9,"2,855,602,125",65,"65,898,511","2,487","1,722,318","131,234","50,000","2,288,458","5,000",8,11,15,16,17,37,36
2022,1005,2022.3.5,12,"2,061,199,344",84,"49,076,175","2,798","1,473,338","143,067","50,000","2,349,017","5,000",8,13,18,24,27,29,17
2022,1004,2022.2.26,10,"2,576,251,913",68,"63,143,430","2,785","1,541,743","140,047","50,000","2,340,772","5,000",7,15,30,37,39,44,18
2022,1003,2022.2.19,14,"1,811,116,822",66,"64,029,383","2,649","1,595,297","133,896","50,000","2,247,475","5,000",1,4,29,39,43,45,31
2022,1002,2022.2.12,8,"3,088,449,563",85,"48,446,268","3,193","1,289,676","155,418","50,000","2,436,676","5,000",17,25,33,35,38,45,15
2022,1001,2022.2.5,12,"2,077,279,594",66,"62,947,867","2,761","1,504,730","140,255","50,000","2,346,904","5,000",6,10,12,14,20,42,15
2022,1000,2022.1.29,22,"1,246,819,620",109,"41,941,945","4,018","1,137,798","180,052","50,000","2,747,686","5,000",2,8,19,22,32,42,39
2022,999,2022.1.22,16,"1,513,274,790",67,"60,229,843","2,943","1,371,186","143,217","50,000","2,369,326","5,000",1,3,9,14,18,28,34
2022,998,2022.1.15,12,"2,076,499,657",53,"78,358,478","2,648","1,568,354","129,576","50,000","2,227,628","5,000",13,17,18,20,42,45,41
2022,997,2022.1.8,19,"1,253,749,560",85,"46,708,317","3,692","1,075,354","155,887","50,000","2,331,995","5,000",4,7,14,16,24,44,20
2022,996,2022.1.1,18,"1,491,185,771",86,"52,018,109","3,313","1,350,305","155,856","50,000","2,546,181","5,000",6,11,15,24,32,39,28
2021,995,2021.12.25,7,"3,447,271,875",69,"58,287,206","2,793","1,439,964","138,372","50,000","2,269,218","5,000",1,4,13,29,38,39,7
2021,994,2021.12.18,12,"1,861,582,063",70,"53,188,059","2,803","1,328,279","137,937","50,000","2,216,661","5,000",1,3,8,24,27,35,28
2021,993,2021.12.11,6,"3,991,197,063",70,"57,017,101","2,732","1,460,907","132,583","50,000","2,220,620","5,000",6,14,16,18,24,42,44
2021,992,2021.12.4,12,"1,986,955,563",58,"68,515,710","2,373","1,674,636","124,311","50,000","2,105,282","5,000",12,20,26,33,44,45,24
2021,991,2021.11.27,8,"2,904,166,032",110,"35,202,013","2,969","1,304,218","138,068","50,000","2,226,394","5,000",13,18,25,31,33,44,38
2021,990,2021.11.20,14,"1,740,095,277",56,"72,503,970","2,858","1,420,652","129,113","50,000","2,169,219","5,000",2,4,25,26,36,37,28
2021,989,2021.11.13,4,"5,826,768,563",63,"61,658,927","2,444","1,589,408","127,891","50,000","2,158,436","5,000",17,18,21,27,29,33,26
2021,988,2021.11.6,9,"2,678,489,375",61,"65,864,493","2,663","1,508,725","129,322","50,000","2,139,025","5,000",2,13,20,30,31,41,27
2021,987,2021.10.30,10,"2,378,711,625",73,"54,308,485","2,968","1,335,755","140,004","50,000","2,283,682","5,000",2,4,15,23,29,38,7
2021,986,2021.10.23,10,"2,375,275,125",70,"56,554,170","2,793","1,417,398","133,889","50,000","2,231,167","5,000",7,10,16,28,41,42,40
2021,985,2021.10.16,10,"2,434,752,975",62,"65,450,349","2,581","1,572,229","126,523","50,000","2,123,240","5,000",17,21,23,30,34,44,19
2021,984,2021.10.9,7,"3,453,006,268",64,"62,945,427","2,596","1,551,814","128,129","50,000","2,149,335","5,000",3,10,23,35,36,37,18
2021,983,2021.10.2,10,"2,503,422,225",78,"53,491,928","2,640","1,580,444","131,780","50,000","2,196,308","5,000",13,23,26,31,35,43,15
2021,982,2021.9.25,8,"3,023,630,672",81,"49,771,699","2,931","1,375,472","139,208","50,000","2,291,933","5,000",5,7,13,20,21,44,33
2021,981,2021.9.18,13,"1,992,863,193",65,"66,428,774","2,824","1,528,991","136,630","50,000","2,289,650","5,000",27,36,37,41,43,45,32
2021,980,2021.9.11,7,"3,409,443,215",70,"56,824,054","2,819","1,411,027","135,751","50,000","2,237,534","5,000",3,13,16,23,24,35,14
2021,979,2021.9.4,14,"1,606,400,518",79,"47,446,429","3,414","1,097,911","154,980","50,000","2,403,760","5,000",7,11,16,21,27,33,24
2021,978,2021.8.28,10,"2,373,391,388",70,"56,509,319","2,826","1,399,736","133,915","50,000","2,217,326","5,000",1,7,15,32,34,42,8
2021,977,2021.8.21,14,"1,669,905,911",82,"47,517,648","2,474","1,574,959","125,781","50,000","2,097,459","5,000",2,9,10,14,22,44,16
2021,976,2021.8.14,7,"3,243,867,215",69,"54,847,997","3,085","1,226,747","142,375","50,000","2,270,249","5,000",4,12,14,25,35,37,2
2021,975,2021.8.7,9,"2,440,410,375",61,"60,010,092","2,828","1,294,419","135,604","50,000","2,212,347","5,000",7,8,9,17,22,24,5
2021,974,2021.7.31,17,"1,317,034,523",66,"56,539,361","2,636","1,415,629","129,473","50,000","2,149,319","5,000",1,2,11,16,39,44,32
2021,973,2021.7.24,8,"2,912,742,750",42,"92,468,024","2,257","1,720,717","117,757","50,000","2,003,966","5,000",22,26,31,37,41,42,24
2021,972,2021.7.17,20,"1,124,886,244",80,"46,870,261","2,570","1,458,997","126,989","50,000","2,122,398","5,000",3,6,17,23,37,39,26
2021,971,2021.7.10,6,"3,725,880,250",62,"60,094,843","2,685","1,387,665","131,409","50,000","2,171,694","5,000",2,6,17,18,21,26,7
2021,970,2021.7.3,14,"1,611,544,045",87,"43,221,488","2,479","1,516,850","124,923","50,000","2,061,176","5,000",9,11,16,21,28,36,5
2021,969,2021.6.26,20,"1,149,427,894",56,"68,418,328","2,633","1,455,157","133,079","50,000","2,211,803","5,000",3,9,10,29,40,45,7
2021,968,2021.6.19,13,"1,667,729,683",97,"37,251,694","3,116","1,159,633","148,150","50,000","2,329,460","5,000",2,5,12,14,24,39,33
2021,967,2021.6.12,4,"5,809,776,094",69,"56,133,103","2,475","1,564,923","121,200","50,000","2,042,462","5,000",1,6,13,37,38,40,9
2021,966,2021.6.5,10,"2,411,303,513",50,"80,376,784","2,352","1,708,691","115,370","50,000","1,980,202","5,000",1,21,25,29,34,37,36
2021,965,2021.5.29,7,"3,403,348,929",46,"86,316,821","2,389","1,662,024","122,129","50,000","2,043,257","5,000",2,13,25,28,29,36,34
2021,964,2021.5.22,10,"2,345,861,063",52,"75,187,855","2,447","1,597,781","123,780","50,000","2,061,560","5,000",6,21,36,38,39,43,30
2021,963,2021.5.15,15,"1,476,478,125",68,"54,282,285","3,137","1,176,665","141,987","50,000","2,219,439","5,000",6,12,19,23,34,42,35
2021,962,2021.5.8,12,"1,940,906,094",73,"53,175,510","2,581","1,503,996","126,528","50,000","2,119,457","5,000",1,18,28,31,34,43,40
2021,961,2021.5.1,9,"2,575,231,209",73,"52,915,710","2,716","1,422,256","133,764","50,000","2,197,136","5,000",11,20,29,31,33,42,43
2021,960,2021.4.24,10,"2,401,133,213",56,"71,462,298","2,569","1,557,762","129,546","50,000","2,180,006","5,000",2,18,24,30,32,45,14
2021,959,2021.4.17,8,"3,015,312,891",75,"53,605,563","2,502","1,606,882","123,802","50,000","2,072,896","5,000",1,14,15,24,40,41,35
2021,958,2021.4.10,15,"1,596,119,675",67,"59,556,705","2,470","1,615,506","131,097","50,000","2,168,146","5,000",2,9,10,16,35,37,1
2021,957,2021.4.3,11,"2,126,634,137",61,"63,915,234","2,835","1,375,249","129,545","50,000","2,131,893","5,000",4,15,24,35,36,40,1
2021,956,2021.3.27,11,"2,022,982,671",136,"27,270,600","3,053","1,214,806","144,650","50,000","2,325,943","5,000",10,11,20,21,25,41,40
2021,955,2021.3.20,12,"2,023,170,188",71,"56,990,710","2,650","1,526,921","130,744","50,000","2,196,889","5,000",4,9,23,26,29,33,8
2021,954,2021.3.13,10,"2,478,795,900",64,"64,551,977","2,657","1,554,884","132,057","50,000","2,214,839","5,000",1,9,26,28,30,41,32
2021,953,2021.3.6,14,"1,640,636,009",102,"37,530,890","3,273","1,169,616","146,120","50,000","2,331,848","5,000",7,9,22,27,37,42,34
2021,952,2021.2.27,9,"2,713,699,834",93,"43,769,353","3,039","1,339,438","141,776","50,000","2,304,925","5,000",4,12,22,24,33,41,38
2021,951,2021.2.20,14,"1,747,552,661",72,"56,633,652","2,907","1,402,692","142,335","50,000","2,346,154","5,000",2,12,30,31,39,43,38
2021,950,2021.2.13,8,"3,281,920,500",67,"65,311,851","2,886","1,516,249","146,270","50,000","2,422,941","5,000",3,4,15,22,28,40,10
2021,949,2021.2.6,10,"2,458,569,713",65,"63,040,250","2,594","1,579,652","130,363","50,000","2,192,075","5,000",14,21,35,36,40,44,30
2021,948,2021.1.30,11,"2,188,548,716",90,"44,581,548","2,905","1,381,184","137,929","50,000","2,252,913","5,000",13,18,30,31,38,41,5
2021,947,2021.1.23,18,"1,275,855,750",58,"65,992,539","3,182","1,202,881","146,908","50,000","2,351,804","5,000",3,8,17,20,27,35,26
2021,946,2021.1.16,11,"2,157,656,182",71,"55,714,127","2,949","1,341,371","138,433","50,000","2,224,563","5,000",9,18,19,30,34,40,20
2021,945,2021.1.9,13,"1,765,554,491",71,"53,878,424","2,490","1,536,293","124,224","50,000","2,120,882","5,000",9,10,15,30,33,37,26
2021,944,2021.1.2,13,"1,961,836,356",79,"53,805,639","3,057","1,390,464","147,665","50,000","2,440,455","5,000",2,13,16,19,32,33,42
2020,943,2020.12.26,7,"3,435,045,108",74,"54,156,117","2,722","1,472,283","135,763","50,000","2,238,429","5,000",1,8,13,36,44,45,39
2020,942,2020.12.19,6,"3,761,680,313",52,"72,340,007","2,473","1,521,101","120,907","50,000","2,045,438","5,000",10,12,18,35,42,43,39
2020,941,2020.12.12,16,"1,347,297,422",87,"41,296,473","3,275","1,097,037","145,544","50,000","2,282,851","5,000",12,14,25,27,39,40,35
2020,940,2020.12.5,8,"2,846,071,079",51,"74,407,088","2,329","1,629,353","123,292","50,000","2,087,480","5,000",3,15,20,22,24,41,11
2020,939,2020.11.28,13,"1,708,363,039",67,"55,245,571","2,682","1,380,110","128,408","50,000","2,127,595","5,000",4,11,28,39,42,45,6
2020,938,2020.11.21,10,"2,249,466,563",64,"58,579,859","2,531","1,481,277","124,971","50,000","2,096,955","5,000",4,8,10,16,31,36,9
2020,937,2020.11.14,11,"2,058,420,819",57,"66,206,518","2,480","1,521,683","124,141","50,000","2,092,601","5,000",2,10,13,22,29,40,26
2020,936,2020.11.7,14,"1,492,069,179",77,"45,214,218","2,864","1,215,606","140,160","50,000","2,252,623","5,000",7,11,13,17,18,29,43
2020,935,2020.10.31,13,"1,711,055,424",120,"30,894,057","2,933","1,263,992","134,376","50,000","2,118,071","5,000",4,10,20,32,38,44,18
2020,934,2020.10.24,4,"5,765,772,844",66,"58,240,130","2,359","1,629,440","116,726","50,000","1,985,417","5,000",1,3,30,33,36,39,12
2020,933,2020.10.17,8,"2,927,797,079",63,"61,963,960","2,215","1,762,407","114,043","50,000","1,962,088","5,000",23,27,29,31,36,45,37
2020,932,2020.10.10,7,"3,390,022,983",64,"61,797,294","2,420","1,634,309","120,969","50,000","2,067,196","5,000",1,6,15,36,37,38,5
2020,931,2020.10.3,8,"2,957,108,063",54,"73,015,014","2,596","1,518,803","121,943","50,000","2,041,653","5,000",14,15,23,25,35,43,32
2020,930,2020.9.26,8,"2,832,418,829",55,"68,664,699","2,776","1,360,432","128,480","50,000","2,124,548","5,000",8,21,25,38,39,44,28
2020,929,2020.9.19,16,"1,308,035,157",91,"38,330,701","3,028","1,151,947","140,880","50,000","2,244,712","5,000",7,9,12,15,19,23,4
2020,928,2020.9.12,7,"3,134,591,358",81,"45,148,436","2,639","1,385,761","121,873","50,000","2,011,931","5,000",3,4,10,20,28,44,30
2020,927,2020.9.5,6,"3,714,203,875",63,"58,955,618","2,331","1,593,396","118,446","50,000","1,979,589","5,000",4,15,22,38,41,43,26
2020,926,2020.8.29,10,"2,032,490,663",72,"47,048,395","2,923","1,158,907","133,167","50,000","2,085,580","5,000",10,16,18,20,25,31,6
2020,925,2020.8.22,12,"1,771,080,532",68,"52,090,604","2,335","1,516,986","117,863","50,000","1,944,019","5,000",13,24,32,34,39,42,4
2020,924,2020.8.15,9,"2,382,430,667",69,"51,791,972","2,198","1,625,863","113,214","50,000","1,920,852","5,000",3,11,34,42,43,44,13
2020,923,2020.8.8,8,"2,667,554,625",56,"63,513,206","2,376","1,496,945","115,877","50,000","1,937,187","5,000",3,17,18,23,36,41,26
2020,922,2020.8.1,6,"3,417,904,500",89,"38,403,422","2,876","1,188,423","136,052","50,000","2,097,501","5,000",2,6,13,17,27,43,36
2020,921,2020.7.25,17,"1,232,573,405",72,"48,504,047","2,682","1,302,123","129,993","50,000","2,101,238","5,000",5,7,12,22,28,41,1
2020,920,2020.7.18,7,"3,120,260,197",53,"68,684,973","2,348","1,550,385","117,181","50,000","1,984,222","5,000",2,3,26,33,34,43,29
2020,919,2020.7.11,5,"4,305,150,450",56,"64,064,739","2,541","1,411,896","122,864","50,000","2,052,965","5,000",9,14,17,18,42,44,35
2020,918,2020.7.4,18,"1,117,622,646",86,"38,986,837","2,718","1,233,580","137,216","50,000","2,183,337","5,000",7,11,12,31,33,38,5
2020,917,2020.6.27,10,"2,144,799,638",47,"76,056,725","2,260","1,581,711","117,542","50,000","2,000,201","5,000",1,3,23,24,27,43,34
2020,916,2020.6.20,11,"2,025,384,341",70,"53,045,781","2,184","1,700,186","111,426","50,000","1,857,917","5,000",6,21,22,32,35,36,17
2020,915,2020.6.13,6,"3,518,640,500",63,"55,851,437","2,436","1,444,434","119,025","50,000","1,966,167","5,000",2,6,11,13,22,37,14
2020,914,2020.6.6,11,"1,950,005,557",55,"65,000,186","2,585","1,382,983","122,904","50,000","2,006,794","5,000",16,19,24,33,42,44,27
2020,913,2020.5.30,16,"1,338,755,602",66,"54,091,136","2,467","1,447,108","122,530","50,000","1,996,371","5,000",6,14,16,21,27,37,40
2020,912,2020.5.23,14,"1,493,500,581",70,"49,783,353","2,547","1,368,212","125,332","50,000","2,030,860","5,000",5,8,18,21,22,38,10
2020,911,2020.5.16,10,"2,113,538,625",58,"60,733,869","2,571","1,370,115","123,236","50,000","2,064,778","5,000",4,5,12,14,32,42,35
2020,910,2020.5.9,21,"941,316,375",72,"45,758,435","2,694","1,222,943","128,516","50,000","2,074,354","5,000",1,11,17,27,35,39,31
2020,909,2020.5.2,11,"2,021,062,875",63,"58,814,000","2,316","1,599,863","111,558","50,000","1,910,295","5,000",7,24,29,30,34,35,33
2020,908,2020.4.25,8,"2,834,856,141",57,"66,312,425","2,161","1,749,102","108,610","50,000","1,858,567","5,000",3,16,21,22,23,44,30
2020,907,2020.4.18,7,"3,165,059,036",67,"55,112,969","2,300","1,605,465","112,189","50,000","1,903,128","5,000",21,27,29,38,40,44,37
2020,906,2020.4.11,9,"2,472,607,250",63,"58,871,602","2,369","1,565,602","117,171","50,000","1,988,860","5,000",2,5,14,28,31,32,20
2020,905,2020.4.4,7,"3,017,862,536",77,"45,725,190","2,643","1,332,138","129,133","50,000","2,111,090","5,000",3,4,16,27,38,40,20
2020,904,2020.3.28,8,"2,718,077,813",92,"39,392,433","2,337","1,550,751","115,626","50,000","1,938,996","5,000",2,6,8,26,43,45,11
2020,903,2020.3.21,13,"1,684,582,212",49,"74,488,330","2,316","1,575,963","111,981","50,000","1,902,821","5,000",2,15,16,21,22,28,45
2020,902,2020.3.14,13,"1,619,317,529",67,"52,365,990","2,372","1,479,141","119,126","50,000","1,945,304","5,000",7,19,23,24,36,39,30
2020,901,2020.3.7,9,"2,267,974,667",67,"50,775,553","2,308","1,473,987","114,451","50,000","1,890,747","5,000",5,18,20,23,30,34,21
2020,900,2020.2.29,6,"3,349,851,375",51,"65,683,361","2,385","1,404,550","113,132","50,000","1,872,855","5,000",7,13,16,18,35,38,14
2020,899,2020.2.22,6,"3,359,356,063",53,"63,384,077","2,402","1,398,567","121,900","50,000","1,993,765","5,000",8,19,20,21,33,39,37
2020,898,2020.2.15,8,"2,639,313,235",56,"62,840,792","3,240","1,086,138","137,051","50,000","2,005,739","5,000",18,21,28,35,37,42,17
2020,897,2020.2.8,13,"1,619,922,520",62,"56,610,196","2,398","1,463,650","121,076","50,000","1,996,656","5,000",6,7,12,22,26,36,29
2020,896,2020.2.1,7,"3,053,222,036",46,"77,436,791","2,586","1,377,453","128,068","50,000","2,066,172","5,000",5,12,25,26,38,45,23
2020,895,2020.1.25,12,"1,928,079,219",58,"66,485,491","2,750","1,402,240","134,059","50,000","2,185,782","5,000",16,26,31,38,39,41,23
2020,894,2020.1.18,9,"2,377,935,959",56,"63,694,714","2,331","1,530,204","116,749","50,000","1,971,982","5,000",19,32,37,40,41,43,45
2020,893,2020.1.11,9,"2,377,433,625",58,"61,485,353","2,113","1,687,720","116,062","50,000","1,899,696","5,000",1,15,17,23,25,41,10
2020,892,2020.1.4,17,"1,282,017,464",78,"46,569,011","2,709","1,340,858","134,155","50,000","2,155,749","5,000",4,9,17,18,26,42,36
2019,891,2019.12.28,7,"3,082,673,947",77,"46,707,182","2,443","1,472,147","122,132","50,000","1,998,623","5,000",9,13,28,31,39,41,19
2019,890,2019.12.21,9,"2,335,486,167",58,"60,400,505","2,376","1,474,424","114,859","50,000","1,915,593","5,000",1,4,14,18,29,37,6
2019,889,2019.12.14,10,"2,108,986,950",60,"58,582,971","2,338","1,503,413","114,198","50,000","1,907,477","5,000",3,13,29,38,39,42,26
2019,888,2019.12.7,8,"2,370,359,204",59,"53,567,440","2,453","1,288,414","123,025","50,000","1,990,715","5,000",3,7,12,31,34,38,32
2019,887,2019.11.30,8,"2,535,268,688",66,"51,217,550","2,388","1,415,561","114,719","50,000","1,885,924","5,000",8,14,17,27,36,45,10
2019,886,2019.11.23,7,"2,974,643,786",59,"58,820,640","2,140","1,621,691","109,766","50,000","1,768,281","5,000",19,23,28,37,42,45,2
2019,885,2019.11.16,13,"1,543,832,568",56,"59,731,618","2,279","1,467,737","111,832","50,000","1,869,359","5,000",1,3,24,27,39,45,31
2019,884,2019.11.9,12,"1,799,077,282",74,"48,623,711","2,207","1,630,338","108,076","50,000","1,817,654","5,000",4,14,23,28,37,45,17
2019,883,2019.11.2,15,"1,360,519,525",65,"52,327,675","2,538","1,340,150","119,613","50,000","1,924,209","5,000",9,18,32,33,37,44,22
2019,882,2019.10.26,5,"4,127,270,400",44,"78,168,000","2,082","1,651,966","109,226","50,000","1,839,873","5,000",18,34,39,43,44,45,23
2019,881,2019.10.19,8,"2,503,212,282",67,"49,815,170","2,189","1,524,722","116,952","50,000","1,939,849","5,000",4,18,20,26,27,32,9
2019,880,2019.10.12,7,"2,837,810,465",52,"63,668,825","2,332","1,419,717","114,994","50,000","1,939,064","5,000",7,17,19,23,24,45,38
2019,879,2019.10.5,6,"3,206,361,313",77,"41,641,057","2,594","1,236,069","123,497","50,000","1,952,277","5,000",1,4,10,14,15,35,20
2019,878,2019.9.28,6,"3,207,993,500",69,"46,492,660","2,971","1,079,769","129,139","50,000","1,994,188","5,000",2,6,11,16,25,31,3
2019,877,2019.9.21,12,"1,716,607,188",75,"45,776,192","2,167","1,584,317","109,806","50,000","1,867,270","5,000",5,17,18,22,23,43,12
2019,876,2019.9.14,19,"1,090,657,856",59,"58,538,134","2,427","1,423,054","112,619","50,000","1,856,647","5,000",5,16,21,26,34,42,24
2019,875,2019.9.7,14,"1,415,946,724",33,"100,117,446","2,278","1,450,341","105,071","50,000","1,726,617","5,000",19,22,30,34,39,44,36
2019,874,2019.8.31,18,"1,117,123,917",68,"49,284,879","2,240","1,496,149","110,655","50,000","1,830,269","5,000",1,15,19,23,28,42,32
2019,873,2019.8.24,10,"1,874,553,225",68,"45,944,932","2,375","1,315,476","123,684","50,000","2,001,910","5,000",3,5,12,13,33,39,38
2019,872,2019.8.17,16,"1,262,705,579",46,"73,200,324","2,018","1,668,591","99,681","50,000","1,715,898","5,000",2,4,30,32,33,43,29
2019,871,2019.8.10,7,"2,718,071,358",61,"51,984,972","2,231","1,421,374","108,666","50,000","1,792,357","5,000",2,6,12,26,30,34,38
2019,870,2019.8.3,10,"1,928,842,988",48,"66,973,715","2,033","1,581,279","102,000","50,000","1,705,285","5,000",21,25,30,32,40,42,31
2019,869,2019.7.27,10,"1,922,582,588",56,"57,219,720","2,210","1,449,912","108,562","50,000","1,814,332","5,000",2,6,20,27,37,39,4
2019,868,2019.7.20,6,"3,233,804,250",61,"53,013,185","2,152","1,502,698","109,133","50,000","1,789,491","5,000",12,17,28,41,43,44,25
2019,867,2019.7.13,5,"3,933,755,250",57,"57,511,042","2,175","1,507,186","109,516","50,000","1,820,552","5,000",14,17,19,22,24,40,41
2019,866,2019.7.6,9,"2,240,409,000",68,"49,420,787","2,035","1,651,408","104,919","50,000","1,770,017","5,000",9,15,29,34,37,39,12
2019,865,2019.6.29,13,"1,551,729,145",52,"64,655,382","2,076","1,619,499","104,626","50,000","1,749,234","5,000",3,15,22,32,33,45,2
2019,864,2019.6.22,11,"1,716,553,637",64,"49,172,110","2,467","1,275,645","122,913","50,000","1,957,675","5,000",3,7,10,13,25,36,32
2019,863,2019.6.15,7,"2,853,357,322",64,"52,014,327","2,042","1,630,224","104,949","50,000","1,753,097","5,000",16,21,28,35,39,43,12
2019,862,2019.6.8,9,"2,190,922,709",63,"52,164,827","2,042","1,609,395","104,765","50,000","1,755,036","5,000",10,34,38,40,42,43,32
2019,861,2019.6.1,4,"4,872,108,844",65,"49,970,348","2,256","1,439,749","108,644","50,000","1,819,899","5,000",11,17,19,21,22,25,24
2019,860,2019.5.25,10,"1,879,899,825",62,"50,534,942","2,339","1,339,533","128,867","50,000","1,882,931","5,000",4,8,18,25,27,32,42
2019,859,2019.5.18,11,"1,853,927,489",51,"66,644,453","1,895","1,793,598","97,729","50,000","1,678,945","5,000",8,22,35,38,39,41,24
2019,858,2019.5.11,9,"2,202,347,459",41,"80,573,688","2,075","1,592,059","106,176","50,000","1,789,295","5,000",9,13,32,38,39,43,23
2019,857,2019.5.4,15,"1,284,915,425",62,"51,811,106","2,367","1,357,114","111,971","50,000","1,833,940","5,000",6,10,16,28,34,38,43
2019,856,2019.4.27,5,"3,977,927,550",53,"62,546,031","1,949","1,700,842","104,537","50,000","1,700,369","5,000",10,24,40,41,43,44,17
2019,855,2019.4.20,9,"2,269,510,500",61,"55,807,636","2,022","1,683,614","102,532","50,000","1,765,328","5,000",8,15,17,19,43,44,7
2019,854,2019.4.13,6,"3,421,706,750",44,"77,766,063","1,865","1,834,696","99,152","50,000","1,716,083","5,000",20,25,31,32,36,43,3
2019,853,2019.4.6,7,"2,885,006,786",90,"37,398,237","2,018","1,667,910","105,158","50,000","1,787,511","5,000",2,8,23,26,27,44,13
2019,852,2019.3.30,4,"4,801,543,407",67,"47,776,552","2,328","1,375,013","114,850","50,000","1,876,933","5,000",11,17,28,30,33,35,9
2019,851,2019.3.23,8,"2,483,692,313",70,"47,308,425","2,101","1,576,197","106,132","50,000","1,750,048","5,000",14,18,22,26,31,44,40
2019,850,2019.3.16,6,"3,377,587,875",55,"61,410,689","2,023","1,669,594","101,591","50,000","1,727,367","5,000",16,20,24,28,36,39,5
2019,849,2019.3.9,17,"1,158,252,883",56,"58,602,081","2,682","1,223,608","113,125","50,000","1,851,371","5,000",5,13,17,29,34,39,3
2019,848,2019.3.2,7,"3,011,580,858",42,"83,655,024","2,109","1,665,961","103,845","50,000","1,792,259","5,000",1,2,16,22,38,39,34
2019,847,2019.2.23,8,"2,520,846,657",40,"84,028,222","2,443","1,375,821","114,324","50,000","1,857,205","5,000",12,16,26,28,30,42,22
2019,846,2019.2.16,13,"1,596,884,395",69,"50,143,713","1,997","1,732,557","106,009","50,000","1,797,728","5,000",5,18,30,41,43,45,13
2019,845,2019.2.9,11,"1,891,217,182",56,"61,914,849","2,038","1,701,292","105,790","50,000","1,782,933","5,000",1,16,29,33,40,45,6
2019,844,2019.2.2,18,"1,162,963,542",73,"47,793,023","2,406","1,450,080","120,078","50,000","1,997,556","5,000",7,8,13,15,33,45,18
2019,843,2019.1.26,5,"4,012,970,100",52,"64,310,419","2,002","1,670,401","105,717","50,000","1,777,953","5,000",19,21,30,33,34,42,4
2019,842,2019.1.19,10,"2,035,475,025",42,"80,772,819","2,039","1,663,786","103,190","50,000","1,735,911","5,000",14,26,32,36,39,42,38
2019,841,2019.1.12,17,"1,116,095,714",88,"35,934,900","2,490","1,269,989","119,648","50,000","1,901,965","5,000",5,11,14,30,33,38,24
2019,840,2019.1.5,10,"2,042,961,788",51,"66,763,458","2,275","1,496,676","110,586","50,000","1,852,019","5,000",2,4,11,28,29,43,27
2018,839,2018.12.29,13,"1,359,454,904",48,"61,364,284","2,664","1,105,663","126,227","50,000","1,946,924","5,000",3,9,11,12,13,19,35
2018,838,2018.12.22,5,"3,813,733,050",68,"46,736,925","2,220","1,431,582","107,897","50,000","1,777,501","5,000",9,14,17,33,36,38,20
2018,837,2018.12.15,6,"3,144,449,125",47,"66,903,173","2,012","1,562,848","97,334","50,000","1,656,959","5,000",2,25,28,30,33,45,6
2018,836,2018.12.8,14,"1,257,843,670",62,"47,338,203","2,230","1,316,130","103,846","50,000","1,719,260","5,000",1,9,11,14,26,28,19
2018,835,2018.12.1,15,"1,233,681,125",58,"53,175,911","2,306","1,337,469","106,763","50,000","1,767,089","5,000",9,10,13,28,38,45,35
2018,834,2018.11.24,11,"1,690,693,671",47,"65,949,044","1,967","1,575,804","99,132","50,000","1,643,491","5,000",6,8,18,35,42,43,3
2018,833,2018.11.17,8,"2,356,317,282",53,"59,278,423","1,945","1,615,299","103,152","50,000","1,715,510","5,000",12,18,30,39,41,42,19
2018,832,2018.11.10,9,"2,088,204,584",60,"52,205,115","2,137","1,465,750","102,312","50,000","1,706,379","5,000",13,14,19,26,40,43,30
2018,831,2018.11.3,16,"1,110,702,258",61,"48,555,290","2,660","1,113,486","117,332","50,000","1,849,959","5,000",3,10,16,19,31,39,9
2018,830,2018.10.27,9,"2,060,528,750",80,"38,634,915","2,142","1,442,948","106,206","50,000","1,764,071","5,000",5,6,16,18,37,38,17
2018,829,2018.10.20,8,"2,444,650,641",45,"72,434,094","1,837","1,774,379","94,679","50,000","1,637,836","5,000",4,5,31,35,43,45,29
2018,828,2018.10.13,13,"1,455,185,972",62,"50,853,274","1,968","1,602,085","100,644","50,000","1,704,198","5,000",4,7,13,29,31,39,18
2018,827,2018.10.6,15,"1,206,500,375",46,"65,570,673","2,113","1,427,474","106,164","50,000","1,761,371","5,000",5,11,12,29,33,44,14
2018,826,2018.9.29,9,"2,075,192,084",47,"66,229,535","2,232","1,394,619","108,626","50,000","1,755,153","5,000",13,16,24,25,33,36,42
2018,825,2018.9.22,12,"1,658,710,563",53,"62,592,852","2,249","1,475,065","113,070","50,000","1,850,484","5,000",8,15,21,31,33,38,42
2018,824,2018.9.15,15,"1,256,646,550",51,"61,600,322","2,106","1,491,746","105,359","50,000","1,745,566","5,000",7,9,24,29,34,38,26
2018,823,2018.9.8,9,"2,009,843,917",61,"49,422,392","2,348","1,283,972","112,065","50,000","1,795,737","5,000",12,18,24,26,39,40,15
2018,822,2018.9.1,3,"5,930,898,625",79,"37,537,334","2,153","1,377,357","108,789","50,000","1,735,565","5,000",9,18,20,24,27,36,12
2018,821,2018.8.25,14,"1,316,155,956",55,"55,836,920","2,100","1,462,396","101,082","50,000","1,687,355","5,000",1,12,13,24,29,44,16
2018,820,2018.8.18,4,"4,627,313,532",60,"51,414,595","1,987","1,552,530","99,433","50,000","1,644,326","5,000",10,21,22,30,35,42,6
2018,819,2018.8.11,7,"2,594,534,840",49,"61,774,640","1,981","1,527,995","97,667","50,000","1,638,089","5,000",16,25,33,38,40,45,15
2018,818,2018.8.4,13,"1,380,804,318",39,"76,711,351","1,845","1,621,541","90,205","50,000","1,490,497","5,000",14,15,25,28,29,30,3
2018,817,2018.7.28,9,"1,868,477,334",54,"51,902,149","2,068","1,355,279","105,276","50,000","1,718,171","5,000",3,9,12,13,25,43,34
2018,816,2018.7.21,8,"2,128,107,938",67,"42,350,407","2,064","1,374,747","102,402","50,000","1,675,799","5,000",12,18,19,29,31,39,7
2018,815,2018.7.14,7,"2,579,855,358",39,"77,175,161","1,703","1,767,371","92,977","50,000","1,596,140","5,000",17,21,25,26,27,36,4
2018,814,2018.7.7,6,"3,067,192,063",52,"58,984,463","1,833","1,673,319","93,837","50,000","1,585,777","5,000",2,21,28,38,42,45,30
2018,813,2018.6.30,4,"4,591,763,157",43,"71,190,127","1,800","1,700,654","89,323","50,000","1,548,384","5,000",11,30,34,35,42,44,27
2018,812,2018.6.23,6,"2,947,954,750",68,"43,352,276","1,976","1,491,880","100,498","50,000","1,693,074","5,000",1,3,12,14,16,43,10
2018,811,2018.6.16,7,"2,524,148,197",49,"60,098,767","2,151","1,369,057","104,155","50,000","1,703,788","5,000",8,11,19,21,36,45,25
2018,810,2018.6.9,8,"2,231,598,047",64,"46,491,626","2,053","1,449,325","100,608","50,000","1,672,013","5,000",5,10,13,21,39,43,11
2018,809,2018.6.2,6,"2,921,372,750",56,"52,167,371","2,179","1,340,695","104,350","50,000","1,703,714","5,000",6,11,15,17,23,40,39
2018,808,2018.5.26,6,"3,087,620,500",46,"67,122,185","1,962","1,573,711","95,319","50,000","1,597,761","5,000",15,21,31,32,41,43,24
2018,807,2018.5.19,7,"2,437,662,322",59,"48,202,363","2,319","1,226,365","108,300","50,000","1,749,855","5,000",6,10,18,25,34,35,33
2018,806,2018.5.12,7,"2,640,760,875",57,"54,050,662","1,850","1,665,345","91,180","50,000","1,561,838","5,000",14,20,23,31,37,38,27
2018,805,2018.5.5,4,"4,266,061,969",53,"53,661,157","2,075","1,370,623","105,602","50,000","1,700,112","5,000",3,12,13,18,31,32,42
2018,804,2018.4.28,11,"1,631,996,523",49,"61,061,095","2,048","1,460,935","100,907","50,000","1,659,443","5,000",1,10,13,26,32,36,9
2018,803,2018.4.21,5,"3,663,810,225",50,"61,063,504","2,094","1,458,059","102,413","50,000","1,657,869","5,000",5,9,14,26,30,43,2
2018,802,2018.4.14,16,"1,082,947,993",67,"43,102,408","2,207","1,308,501","107,980","50,000","1,814,300","5,000",10,11,12,18,24,42,27
2018,801,2018.4.7,8,"2,256,786,657",51,"59,000,959","1,999","1,505,278","97,006","50,000","1,618,941","5,000",17,25,28,37,43,44,2
2018,800,2018.3.31,11,"1,632,246,205",51,"58,675,518","2,179","1,373,315","110,956","50,000","1,801,924","5,000",1,4,10,12,28,45,26
2018,799,2018.3.24,10,"1,826,427,225",56,"54,357,954","2,242","1,357,737","107,519","50,000","1,725,236","5,000",12,17,23,34,42,45,33
2018,798,2018.3.17,7,"2,710,791,911",60,"52,709,843","2,124","1,488,979","98,988","50,000","1,653,851","5,000",2,10,14,22,32,36,41
2018,797,2018.3.10,8,"2,397,028,125",34,"94,001,103","1,868","1,710,941","97,900","50,000","1,641,334","5,000",5,22,31,32,39,45,36
2018,796,2018.3.3,7,"2,763,490,340",46,"70,088,524","1,921","1,678,331","96,701","50,000","1,643,069","5,000",1,21,26,36,40,41,5
2018,795,2018.2.24,11,"1,714,977,000",62,"50,711,686","2,423","1,297,617","111,043","50,000","1,825,105","5,000",3,10,13,26,34,38,36
2018,794,2018.2.17,7,"2,650,940,304",45,"68,728,082","2,607","1,186,331","116,809","50,000","1,877,646","5,000",6,7,18,19,30,38,13
2018,793,2018.2.10,5,"3,750,146,775",61,"51,231,514","2,043","1,529,674","98,216","50,000","1,635,392","5,000",10,15,21,35,38,43,31
2018,792,2018.2.3,7,"2,655,736,768",65,"47,667,071","1,958","1,582,411","99,185","50,000","1,684,675","5,000",2,7,19,25,29,36,16
2018,791,2018.1.27,14,"1,253,081,893",38,"76,943,625","2,410","1,213,219","102,931","50,000","1,713,102","5,000",2,10,12,31,33,42,32
2018,790,2018.1.20,16,"1,160,516,274",59,"52,452,713","2,417","1,280,394","113,336","50,000","1,812,992","5,000",3,8,19,27,30,41,12
2018,789,2018.1.13,15,"1,140,976,825",70,"40,749,173","2,437","1,170,473","118,089","50,000","1,868,863","5,000",2,6,7,12,19,45,38
2018,788,2018.1.6,13,"1,401,475,154",70,"43,378,993","2,257","1,345,384","112,504","50,000","1,828,701","5,000",2,10,11,19,35,39,29
2017,787,2017.12.30,6,"3,092,108,313",51,"60,629,575","2,339","1,321,979","114,842","50,000","1,863,599","5,000",5,6,13,16,27,28,9
2017,786,2017.12.23,4,"4,551,365,250",96,"31,606,704","2,064","1,470,080","103,000","50,000","1,708,226","5,000",12,15,16,20,24,30,38
2017,785,2017.12.16,6,"2,886,622,688",55,"52,484,049","1,972","1,463,805","100,062","50,000","1,678,240","5,000",4,6,15,25,26,33,40
2017,784,2017.12.9,9,"1,908,678,000",51,"56,137,589","2,257","1,268,506","115,089","50,000","1,699,421","5,000",3,10,23,24,31,39,22
2017,783,2017.12.2,4,"4,603,964,625",36,"85,258,605","1,869","1,642,221","90,899","50,000","1,532,640","5,000",14,15,16,17,38,45,36
2017,782,2017.11.25,9,"1,946,487,625",49,"59,586,356","2,047","1,426,347","96,821","50,000","1,585,617","5,000",6,18,31,34,38,45,20
2017,781,2017.11.18,9,"1,882,891,542",52,"54,314,180","1,967","1,435,861","102,959","50,000","1,699,786","5,000",11,16,18,19,24,39,43
2017,780,2017.11.11,11,"1,667,520,137",45,"67,936,006","1,681","1,818,632","92,630","50,000","1,605,516","5,000",15,17,19,21,27,45,16
2017,779,2017.11.4,11,"1,527,709,296",66,"42,436,370","2,503","1,118,978","114,464","50,000","1,751,447","5,000",6,12,19,24,34,41,4
2017,778,2017.10.28,3,"6,264,069,500",67,"46,746,788","1,731","1,809,379","92,126","50,000","1,575,045","5,000",6,21,35,36,37,41,11
2017,777,2017.10.21,21,"833,468,036",66,"44,199,063","2,413","1,208,926","111,938","50,000","1,766,635","5,000",6,12,17,21,34,37,18
2017,776,2017.10.14,7,"2,557,579,393",50,"59,676,853","2,001","1,491,176","102,081","50,000","1,687,650","5,000",8,9,18,21,28,40,20
2017,775,2017.10.7,5,"3,470,437,650",37,"78,163,011","1,719","1,682,392","91,297","50,000","1,539,325","5,000",11,12,29,33,38,42,17
2017,774,2017.9.30,11,"1,709,721,512",60,"52,241,491","1,956","1,602,500","101,524","50,000","1,704,279","5,000",12,15,18,28,34,42,9
2017,773,2017.9.23,11,"1,609,403,080",58,"50,871,937","2,094","1,409,061","104,474","50,000","1,690,404","5,000",8,12,19,21,31,35,44
2017,772,2017.9.16,10,"1,769,608,838",53,"55,648,077","2,027","1,455,032","103,023","50,000","1,688,350","5,000",5,6,11,14,21,41,32
2017,771,2017.9.9,4,"4,362,644,907",49,"59,355,714","2,054","1,415,984","102,013","50,000","1,680,976","5,000",6,10,17,18,21,29,30
2017,770,2017.9.2,8,"2,163,099,329",75,"38,455,100","2,302","1,252,882","108,450","50,000","1,717,526","5,000",1,9,12,23,39,43,34
2017,769,2017.8.26,9,"1,930,760,042",55,"52,657,093","1,962","1,476,117","99,272","50,000","1,660,799","5,000",5,7,11,16,41,45,4
2017,768,2017.8.19,13,"1,363,572,260",53,"55,743,521","1,849","1,597,841","93,126","50,000","1,572,387","5,000",7,27,29,30,38,44,4
2017,767,2017.8.12,15,"1,163,768,725",46,"63,248,301","1,905","1,527,256","92,437","50,000","1,549,115","5,000",5,15,20,31,34,42,22
2017,766,2017.8.5,8,"2,173,637,297",41,"70,687,392","1,734","1,671,386","85,422","50,000","1,458,764","5,000",9,30,34,35,39,41,21
2017,765,2017.7.29,15,"1,109,214,250",54,"51,352,512","2,121","1,307,419","101,653","50,000","1,643,849","5,000",1,3,8,12,42,43,33
2017,764,2017.7.22,7,"2,459,975,465",44,"65,226,623","1,908","1,504,178","90,896","50,000","1,530,979","5,000",7,22,24,31,34,36,15
2017,763,2017.7.15,8,"2,138,130,000",45,"63,352,000","2,019","1,412,006","94,176","50,000","1,562,106","5,000",3,8,16,32,34,43,10
2017,762,2017.7.8,10,"1,631,432,063",53,"51,302,896","2,044","1,330,261","103,406","50,000","1,671,344","5,000",1,3,12,21,26,41,16
2017,761,2017.7.1,7,"2,392,730,518",52,"53,683,057","2,139","1,305,058","101,503","50,000","1,660,130","5,000",4,7,11,24,42,45,30
2017,760,2017.6.24,8,"2,253,299,391",45,"66,764,427","1,749","1,717,782","89,221","50,000","1,520,831","5,000",10,22,27,31,42,43,12
2017,759,2017.6.17,6,"3,032,670,500",44,"68,924,330","1,761","1,722,130","88,543","50,000","1,525,518","5,000",9,33,36,40,42,43,32
2017,758,2017.6.10,8,"2,078,969,954",63,"43,999,365","2,170","1,277,401","106,121","50,000","1,680,080","5,000",5,9,12,30,39,43,24
2017,757,2017.6.3,21,"739,839,858",68,"38,079,993","2,657","974,573","117,353","50,000","1,788,667","5,000",6,7,11,17,33,44,1
2017,756,2017.5.27,5,"3,414,434,700",53,"53,686,081","1,866","1,524,846","94,800","50,000","1,598,715","5,000",10,14,16,18,27,28,4
2017,755,2017.5.20,8,"2,214,427,266",54,"54,677,217","1,845","1,600,309","89,745","50,000","1,508,502","5,000",13,14,26,28,30,36,37
2017,754,2017.5.13,5,"3,427,542,000",50,"57,125,700","1,856","1,538,947","93,279","50,000","1,573,739","5,000",2,8,17,24,29,31,32
2017,753,2017.5.6,6,"2,711,105,063",58,"46,743,191","1,934","1,401,813","97,566","50,000","1,578,072","5,000",2,17,19,24,37,41,3
2017,752,2017.4.29,9,"1,870,358,834",75,"37,407,177","2,036","1,377,966","102,477","50,000","1,646,451","5,000",4,16,20,33,40,43,7
2017,751,2017.4.22,8,"2,097,968,110",69,"40,540,447","2,210","1,265,743","102,632","50,000","1,651,438","5,000",3,4,16,20,28,44,17
2017,750,2017.4.15,7,"2,522,104,286",44,"66,873,978","1,779","1,653,994","93,135","50,000","1,585,532","5,000",1,2,15,19,24,36,12
2017,749,2017.4.8,13,"1,350,104,395",64,"45,706,660","1,985","1,473,666","95,573","50,000","1,589,197","5,000",12,14,24,26,34,45,41
2017,748,2017.4.1,9,"1,928,246,542",59,"49,023,218","1,937","1,493,222","99,448","50,000","1,652,756","5,000",3,10,13,22,31,32,29
2017,747,2017.3.25,9,"1,903,214,584",59,"48,386,812","2,217","1,287,696","105,307","50,000","1,713,003","5,000",7,9,12,14,23,28,17
2017,746,2017.3.18,9,"2,038,623,709",58,"52,723,027","1,904","1,606,059","94,197","50,000","1,589,291","5,000",3,12,33,36,42,45,25
2017,745,2017.3.11,20,"746,822,982",110,"22,631,000","3,692","674,272","141,918","50,000","1,955,276","5,000",1,2,3,9,12,23,10
2017,744,2017.3.4,15,"1,155,411,575",61,"47,352,934","2,779","1,039,414","109,229","50,000","1,636,793","5,000",10,15,18,21,34,41,43
2017,743,2017.2.25,7,"2,608,641,000",46,"66,161,185","1,982","1,535,527","91,886","50,000","1,555,362","5,000",15,19,21,34,41,44,10
2017,742,2017.2.18,16,"1,111,814,813",44,"67,382,716","1,986","1,492,870","98,348","50,000","1,658,556","5,000",8,10,13,36,37,40,6
2017,741,2017.2.11,6,"3,043,595,938",55,"55,338,108","1,829","1,664,077","95,007","50,000","1,619,435","5,000",5,21,27,34,44,45,16
2017,740,2017.2.4,18,"936,929,792",43,"65,367,195","2,447","1,148,668","115,722","50,000","1,864,169","5,000",4,8,9,16,17,19,31
2017,739,2017.1.28,4,"4,744,122,282",45,"70,283,294","1,942","1,628,604","101,983","50,000","1,719,739","5,000",7,22,29,33,34,35,30
2017,738,2017.1.21,11,"1,634,191,091",48,"62,417,021","1,640","1,826,840","88,050","50,000","1,502,685","5,000",23,27,28,38,42,43,36
2017,737,2017.1.14,4,"4,283,061,000",48,"59,486,959","1,937","1,474,122","94,183","50,000","1,567,166","5,000",13,15,18,24,27,41,11
2017,736,2017.1.7,5,"3,397,362,225",54,"52,428,430","2,250","1,258,283","107,357","50,000","1,747,634","5,000",2,11,17,18,21,27,6
2016,735,2016.12.31,10,"1,847,231,588",50,"61,574,387","2,269","1,356,862","107,013","50,000","1,752,740","5,000",5,10,13,27,37,41,4
2016,734,2016.12.24,9,"1,949,395,500",36,"81,224,813","1,758","1,663,307","92,514","50,000","1,542,069","5,000",6,16,37,38,41,45,18
2016,733,2016.12.17,4,"4,016,725,125",57,"46,979,242","1,966","1,362,064","101,369","50,000","1,633,952","5,000",11,24,32,33,35,40,13
2016,732,2016.12.10,7,"2,203,270,608",45,"57,121,831","2,061","1,247,202","104,583","50,000","1,705,993","5,000",2,4,5,17,27,32,43
2016,731,2016.12.3,7,"2,340,471,054",45,"60,678,880","1,908","1,431,106","96,083","50,000","1,594,258","5,000",2,7,13,25,42,45,39
2016,730,2016.11.26,8,"2,017,382,110",45,"59,774,285","1,741","1,544,999","88,791","50,000","1,501,752","5,000",4,10,14,15,18,22,39
2016,729,2016.11.19,4,"4,198,250,719",35,"79,966,681","1,875","1,492,712","89,560","50,000","1,504,682","5,000",11,17,21,26,36,45,16
2016,728,2016.11.12,5,"3,243,464,400",56,"48,265,840","1,869","1,446,168","94,693","50,000","1,559,062","5,000",3,6,10,30,34,37,36
2016,727,2016.11.5,14,"1,115,107,742",87,"29,907,105","2,064","1,260,620","99,271","50,000","1,600,135","5,000",7,8,10,19,21,31,20
2016,726,2016.10.29,14,"1,166,872,634",56,"48,619,694","2,099","1,297,143","96,718","50,000","1,556,425","5,000",1,11,21,23,34,44,24
2016,725,2016.10.22,11,"1,579,217,250",47,"61,600,673","1,795","1,612,943","88,359","50,000","1,504,907","5,000",6,7,19,21,41,43,38
2016,724,2016.10.15,12,"1,427,789,813",55,"51,919,630","1,833","1,557,873","90,083","50,000","1,528,970","5,000",2,8,33,35,37,41,14
2016,723,2016.10.8,8,"2,114,365,360",40,"70,478,846","1,777","1,586,469","85,141","50,000","1,412,967","5,000",20,30,33,35,36,44,22
2016,722,2016.10.1,4,"4,365,422,719",46,"63,266,996","1,688","1,724,101","84,912","50,000","1,439,078","5,000",12,14,21,30,39,43,45
2016,721,2016.9.24,8,"2,273,767,360",40,"75,792,246","1,607","1,886,553","84,770","50,000","1,464,353","5,000",1,28,35,41,43,44,31
2016,720,2016.9.17,14,"1,233,770,358",37,"77,805,338","1,778","1,619,122","88,260","50,000","1,505,233","5,000",1,12,29,34,36,37,41
2016,719,2016.9.10,9,"1,879,581,334",58,"48,609,863","2,020","1,395,729","99,906","50,000","1,627,784","5,000",4,8,13,19,20,43,26
2016,718,2016.9.3,17,"926,166,464",64,"41,002,162","2,404","1,091,572","114,614","50,000","1,595,315","5,000",4,11,20,23,32,39,40
2016,717,2016.8.27,6,"2,702,433,688",47,"57,498,590","1,974","1,369,015","96,836","50,000","1,567,530","5,000",2,11,19,25,28,32,44
2016,716,2016.8.20,12,"1,358,752,157",35,"77,642,981","1,743","1,559,096","88,628","50,000","1,469,730","5,000",2,6,13,16,29,30,21
2016,715,2016.8.13,6,"2,605,510,438",61,"42,713,286","1,873","1,391,090","90,747","50,000","1,503,174","5,000",2,7,27,33,41,44,10
2016,714,2016.8.6,7,"2,085,131,733",46,"52,883,776","2,029","1,198,943","96,576","50,000","1,551,993","5,000",1,7,22,33,37,40,20
2016,713,2016.7.30,9,"1,714,720,917",50,"51,441,628","1,791","1,436,115","87,920","50,000","1,470,125","5,000",2,5,15,18,19,23,44
2016,712,2016.7.23,4,"4,034,485,125",47,"57,226,740","1,727","1,557,416","86,066","50,000","1,449,521","5,000",17,20,30,31,33,45,19
2016,711,2016.7.16,7,"2,277,413,358",44,"60,385,961","1,865","1,424,656","89,898","50,000","1,465,123","5,000",11,15,24,35,37,45,42
2016,710,2016.7.9,5,"2,895,441,150",57,"42,331,011","1,990","1,212,497","102,058","50,000","1,627,229","5,000",3,4,9,24,25,33,10
2016,709,2016.7.2,14,"1,165,271,625",44,"61,794,708","1,696","1,603,165","82,305","50,000","1,385,853","5,000",10,18,30,36,39,44,32
2016,708,2016.6.25,4,"4,099,552,219",52,"52,558,362","1,712","1,596,399","86,091","50,000","1,446,865","5,000",2,10,16,19,34,45,1
2016,707,2016.6.18,12,"1,322,167,313",74,"35,734,252","2,006","1,318,213","94,281","50,000","1,507,647","5,000",2,12,19,24,39,44,35
2016,706,2016.6.11,4,"3,831,746,063",51,"50,088,184","2,108","1,211,811","95,376","50,000","1,531,393","5,000",3,4,6,10,28,30,37
2016,705,2016.6.4,4,"3,987,206,532",49,"54,247,708","1,805","1,472,653","87,931","50,000","1,453,654","5,000",1,6,17,22,28,45,23
2016,704,2016.5.28,4,"3,865,190,344",47,"54,825,395","1,906","1,351,938","95,021","50,000","1,519,932","5,000",1,4,8,23,33,42,45
2016,703,2016.5.21,5,"3,235,784,100",51,"52,872,290","1,719","1,568,637","84,194","50,000","1,416,580","5,000",10,28,31,33,41,44,21
2016,702,2016.5.14,11,"1,465,091,387",46,"58,391,324","1,819","1,476,636","88,043","50,000","1,443,954","5,000",3,13,16,24,26,29,9
2016,701,2016.5.7,10,"1,583,183,175",40,"65,965,966","1,659","1,590,500","81,917","50,000","1,404,422","5,000",3,10,14,16,36,38,35
2016,700,2016.4.30,8,"2,082,099,188",41,"67,710,543","1,562","1,777,294","82,874","50,000","1,414,076","5,000",11,23,28,29,30,44,13
2016,699,2016.4.23,8,"1,995,411,375",50,"53,210,970","1,799","1,478,905","90,504","50,000","1,512,397","5,000",4,5,8,16,21,29,3
2016,698,2016.4.16,8,"1,921,084,125",48,"53,363,448","2,088","1,226,746","97,965","50,000","1,550,364","5,000",3,11,13,21,33,37,18
2016,697,2016.4.9,10,"1,531,443,038",90,"28,360,057","1,940","1,315,673","99,698","50,000","1,615,786","5,000",2,5,8,11,33,39,31
2016,696,2016.4.2,10,"1,632,054,413",44,"61,820,243","1,721","1,580,530","90,020","50,000","1,501,952","5,000",1,7,16,18,34,38,21
2016,695,2016.3.26,11,"1,450,214,830",66,"40,283,746","1,979","1,343,471","95,436","50,000","1,558,885","5,000",4,18,26,33,34,38,14
2016,694,2016.3.19,10,"1,555,036,388",78,"33,227,274","2,286","1,133,739","102,474","50,000","1,581,822","5,000",7,15,20,25,33,43,12
2016,693,2016.3.12,10,"1,642,763,813",43,"63,673,016","1,692","1,618,168","87,017","50,000","1,484,420","5,000",1,6,11,28,34,42,30
2016,692,2016.3.5,7,"2,301,273,697",44,"61,018,621","1,770","1,516,848","87,763","50,000","1,465,709","5,000",3,11,14,15,32,36,44
2016,691,2016.2.27,6,"2,839,296,750",31,"91,590,218","1,708","1,662,352","86,063","50,000","1,455,528","5,000",15,27,33,35,43,45,16
2016,690,2016.2.20,15,"1,126,507,625",34,"82,831,444","1,772","1,589,317","87,970","50,000","1,528,472","5,000",24,25,33,34,38,39,43
2016,689,2016.2.13,7,"2,321,775,911",44,"61,562,241","1,809","1,497,368","90,296","50,000","1,509,073","5,000",7,17,19,30,36,38,34
2016,688,2016.2.6,9,"1,967,536,750",53,"55,685,003","2,107","1,400,715","97,676","50,000","1,610,713","5,000",5,15,22,23,34,35,2
2016,687,2016.1.30,6,"2,720,029,313",38,"71,579,719","1,780","1,528,107","91,404","50,000","1,538,380","5,000",1,8,10,13,28,42,45
2016,686,2016.1.23,8,"1,937,531,719",36,"71,760,435","1,863","1,386,676","91,027","50,000","1,483,730","5,000",7,12,15,24,25,43,13
2016,685,2016.1.16,11,"1,494,367,671",52,"52,686,040","1,910","1,434,385","95,302","50,000","1,576,169","5,000",6,7,12,28,38,40,18
2016,684,2016.1.9,9,"1,688,815,709",62,"40,858,445","1,968","1,287,208","98,607","50,000","1,623,161","5,000",1,11,15,17,25,39,40
2016,683,2016.1.2,16,"1,010,930,883",45,"59,907,016","2,704","996,974","117,974","50,000","1,700,964","5,000",6,13,20,27,28,40,15
2015,682,2015.12.26,4,"4,063,713,563",56,"48,377,543","1,851","1,463,611","87,618","50,000","1,464,978","5,000",17,23,27,35,38,43,2
2015,681,2015.12.19,6,"2,696,328,938",37,"72,873,756","1,441","1,871,152","73,062","50,000","1,282,079","5,000",21,24,27,29,43,44,7
2015,680,2015.12.12,14,"1,110,570,563",44,"58,893,894","1,870","1,385,739","86,441","50,000","1,413,980","5,000",4,10,19,29,32,42,30
2015,679,2015.12.5,5,"2,863,005,600",54,"44,182,186","1,829","1,304,450","91,171","50,000","1,493,041","5,000",3,5,7,14,26,34,35
2015,678,2015.11.28,6,"2,288,490,188",41,"55,816,834","1,855","1,233,688","93,305","50,000","1,494,095","5,000",4,5,6,12,25,37,45
2015,677,2015.11.21,8,"1,921,114,407",37,"69,229,348","1,701","1,505,871","79,827","50,000","1,330,115","5,000",12,15,24,36,41,44,42
2015,676,2015.11.14,8,"1,879,726,500",63,"39,782,572","1,665","1,505,287","83,276","50,000","1,371,921","5,000",1,8,17,34,39,45,27
2015,675,2015.11.7,4,"3,514,549,032",65,"36,046,657","1,806","1,297,361","88,118","50,000","1,415,830","5,000",1,8,11,15,18,45,7
2015,674,2015.10.31,8,"1,770,565,500",48,"49,182,375","1,846","1,278,849","89,646","50,000","1,465,031","5,000",9,10,14,25,27,31,11
2015,673,2015.10.24,10,"1,491,453,300",35,"71,021,586","1,864","1,333,560","88,838","50,000","1,450,769","5,000",7,10,17,29,33,44,5
2015,672,2015.10.17,9,"1,754,745,000",46,"57,219,946","1,629","1,615,788","80,167","50,000","1,341,175","5,000",8,21,28,31,36,45,43
2015,671,2015.10.10,4,"3,722,322,844",48,"51,698,929","1,778","1,395,697","90,364","50,000","1,519,963","5,000",7,9,10,13,31,35,24
2015,670,2015.10.3,12,"1,191,725,219",39,"61,114,114","2,145","1,111,166","92,680","50,000","1,483,948","5,000",11,18,26,27,40,41,25
2015,669,2015.9.26,6,"2,708,173,188",52,"52,080,254","1,949","1,389,520","93,078","50,000","1,531,364","5,000",7,8,20,29,33,38,9
2015,668,2015.9.19,5,"2,991,158,625",56,"44,511,290","1,873","1,330,824","89,414","50,000","1,452,289","5,000",12,14,15,24,27,32,3
2015,667,2015.9.12,7,"2,228,764,393",40,"65,005,629","1,543","1,685,176","81,344","50,000","1,368,363","5,000",15,17,25,37,42,43,13
2015,666,2015.9.5,6,"2,396,901,063",47,"50,997,895","1,947","1,231,074","93,631","50,000","1,493,940","5,000",2,4,6,11,17,28,16
2015,665,2015.8.29,4,"3,643,230,375",30,"80,960,675","1,790","1,356,883","87,227","50,000","1,430,205","5,000",5,6,11,17,38,44,13
2015,664,2015.8.22,10,"1,536,801,338",44,"58,212,172","1,530","1,674,076","77,395","50,000","1,320,082","5,000",10,20,33,36,41,44,5
2015,663,2015.8.15,7,"2,080,244,143",60,"40,449,192","1,627","1,491,673","84,092","50,000","1,386,028","5,000",3,5,8,19,38,42,20
2015,662,2015.8.8,8,"1,689,733,688",43,"52,394,844","1,787","1,260,761","88,493","50,000","1,426,759","5,000",5,6,9,11,15,37,26
2015,661,2015.8.1,8,"1,713,025,547",63,"36,254,509","1,830","1,248,107","87,840","50,000","1,426,883","5,000",2,3,12,20,27,38,40
2015,660,2015.7.25,10,"1,421,272,575",48,"49,349,743","1,951","1,214,141","88,247","50,000","1,408,802","5,000",4,9,23,33,39,44,14
2015,659,2015.7.18,11,"1,336,604,216",40,"61,261,027","1,765","1,388,352","85,028","50,000","1,396,789","5,000",7,18,19,27,29,42,45
2015,658,2015.7.11,9,"1,634,031,375",38,"64,501,239","1,678","1,460,696","82,738","50,000","1,364,069","5,000",8,19,25,28,32,36,37
2015,657,2015.7.4,9,"1,694,762,792",52,"48,887,389","1,562","1,627,494","78,396","50,000","1,325,593","5,000",10,14,19,39,40,43,23
2015,656,2015.6.27,2,"7,330,002,750",48,"50,902,797","1,747","1,398,589","83,772","50,000","1,385,757","5,000",3,7,14,16,31,40,39
2015,655,2015.6.20,9,"1,661,439,625",41,"60,784,377","1,610","1,547,926","77,437","50,000","1,281,655","5,000",7,37,38,39,40,44,18
2015,654,2015.6.13,8,"1,879,301,391",69,"36,315,003","1,787","1,402,203","77,788","50,000","1,282,725","5,000",16,21,26,31,36,43,6
2015,653,2015.6.6,14,"980,958,670",56,"40,873,278","1,997","1,146,172","88,995","50,000","1,419,408","5,000",5,6,26,27,38,39,1
2015,652,2015.5.30,5,"3,003,483,525",36,"69,525,082","1,504","1,664,165","75,739","50,000","1,280,663","5,000",3,13,15,40,41,44,20
2015,651,2015.5.23,8,"1,855,306,454",35,"70,678,342","1,684","1,468,968","82,567","50,000","1,365,832","5,000",11,12,16,26,29,44,18
2015,650,2015.5.16,5,"2,849,298,900",45,"52,764,795","1,814","1,308,940","87,030","50,000","1,429,743","5,000",3,4,7,11,31,41,35
2015,649,2015.5.9,5,"2,948,042,100",45,"54,593,373","1,689","1,454,531","80,347","50,000","1,313,125","5,000",3,21,22,33,41,42,20
2015,648,2015.5.2,7,"2,120,987,947",45,"54,988,577","1,631","1,517,159","80,986","50,000","1,318,403","5,000",13,19,28,37,38,43,4
2015,647,2015.4.25,7,"2,189,725,608",44,"58,060,907","1,596","1,600,677","79,202","50,000","1,351,926","5,000",5,16,21,23,24,30,29
2015,646,2015.4.18,7,"2,215,498,393",36,"71,798,560","1,522","1,698,258","77,400","50,000","1,321,212","5,000",2,9,24,41,43,45,30
2015,645,2015.4.11,4,"3,696,297,750",28,"88,007,090","1,766","1,395,356","87,873","50,000","1,444,728","5,000",1,4,16,26,40,41,31
2015,644,2015.4.4,8,"1,831,451,204",49,"49,835,407","1,879","1,299,593","87,582","50,000","1,401,744","5,000",5,13,17,23,28,36,8
2015,643,2015.3.28,6,"2,535,763,625",43,"58,971,248","1,525","1,662,796","84,656","50,000","1,407,225","5,000",15,24,31,32,33,40,13
2015,642,2015.3.21,12,"1,251,460,438",62,"40,369,692","1,815","1,379,020","88,406","50,000","1,465,689","5,000",8,17,18,24,39,45,32
2015,641,2015.3.14,8,"1,990,074,563",50,"53,068,655","1,565","1,695,485","79,145","50,000","1,340,371","5,000",11,18,21,36,37,43,12
2015,640,2015.3.7,9,"1,728,768,834",48,"54,024,027","1,639","1,582,156","85,410","50,000","1,404,905","5,000",14,15,18,21,26,35,23
2015,639,2015.2.28,4,"4,061,185,219",45,"60,165,707","1,628","1,663,058","84,861","50,000","1,439,719","5,000",6,15,22,23,25,32,40
2015,638,2015.2.21,7,"2,229,403,179",41,"63,438,302","1,719","1,513,072","84,781","50,000","1,422,596","5,000",7,18,22,24,31,34,6
2015,637,2015.2.14,4,"3,899,241,094",45,"57,766,535","1,637","1,587,963","82,147","50,000","1,369,826","5,000",3,16,22,37,38,44,23
2015,636,2015.2.7,8,"1,832,362,219",44,"55,526,128","1,973","1,238,292","90,830","50,000","1,461,300","5,000",6,7,15,16,20,31,26
2015,635,2015.1.31,8,"1,855,587,235",35,"70,689,038","1,650","1,499,465","85,675","50,000","1,427,626","5,000",11,13,25,26,29,33,32
2015,634,2015.1.24,13,"1,077,935,106",54,"43,250,483","2,208","1,057,757","101,514","50,000","1,562,975","5,000",4,10,11,12,20,27,38
2015,633,2015.1.17,12,"1,217,257,094",47,"51,798,175","1,789","1,360,825","87,613","50,000","1,430,227","5,000",9,12,19,20,39,41,13
2015,632,2015.1.10,11,"1,432,587,716",52,"50,507,901","1,645","1,596,603","78,418","50,000","1,320,223","5,000",15,18,21,32,35,44,6
2015,631,2015.1.3,4,"3,919,853,532",46,"56,809,472","1,676","1,559,210","85,710","50,000","1,491,785","5,000",1,2,4,23,31,34,8
2014,630,2014.12.27,3,"4,836,305,500",48,"50,378,183","1,631","1,482,620","84,380","50,000","1,420,745","5,000",8,17,21,24,27,31,15
2014,629,2014.12.20,5,"2,919,433,575",34,"71,554,745","1,321","1,841,682","68,554","50,000","1,183,752","5,000",19,28,31,38,43,44,1
2014,628,2014.12.13,9,"1,499,942,875",37,"60,808,495","1,628","1,382,012","80,147","50,000","1,323,978","5,000",1,7,12,15,23,42,11
2014,627,2014.12.6,10,"1,352,230,650",35,"64,391,936","1,532","1,471,096","74,824","50,000","1,243,945","5,000",2,9,22,25,31,45,12
2014,626,2014.11.29,8,"1,717,871,110",45,"50,899,885","1,766","1,296,996","86,261","50,000","1,371,217","5,000",13,14,26,33,40,43,15
2014,625,2014.11.22,5,"2,765,184,675",45,"51,207,124","1,654","1,393,181","82,014","50,000","1,354,445","5,000",3,6,7,20,21,39,13
2014,624,2014.11.15,5,"2,763,729,450",61,"37,755,867","1,574","1,463,220","78,840","50,000","1,309,900","5,000",1,7,19,26,27,35,16
2014,623,2014.11.8,8,"1,813,702,594",35,"69,093,433","1,456","1,660,900","73,522","50,000","1,245,962","5,000",7,13,30,39,41,45,25
2014,622,2014.11.1,9,"1,630,598,292",34,"71,938,160","1,629","1,501,472","77,626","50,000","1,270,437","5,000",9,15,16,21,28,34,24
2014,621,2014.10.25,6,"2,359,723,500",62,"38,060,057","1,555","1,517,508","82,843","50,000","1,336,734","5,000",1,2,6,16,19,42,9
2014,620,2014.10.18,7,"2,028,283,233",44,"53,780,238","1,661","1,424,643","78,155","50,000","1,266,599","5,000",2,16,17,32,39,45,40
2014,619,2014.10.11,3,"4,612,479,375",59,"39,088,809","1,712","1,347,103","83,710","50,000","1,355,209","5,000",6,8,13,30,35,40,21
2014,618,2014.10.4,5,"2,881,326,225",45,"53,357,894","1,581","1,518,726","75,243","50,000","1,260,882","5,000",8,16,25,30,42,43,15
2014,617,2014.9.27,8,"1,629,701,860",43,"50,533,391","1,993","1,090,284","93,731","50,000","1,481,805","5,000",4,5,11,12,24,27,28
2014,616,2014.9.20,9,"1,611,811,250",49,"49,341,161","1,700","1,422,187","81,118","50,000","1,350,809","5,000",5,13,18,23,40,45,3
2014,615,2014.9.13,9,"1,535,062,417",31,"74,277,214","1,670","1,378,799","83,981","50,000","1,383,278","5,000",10,17,18,19,23,27,35
2014,614,2014.9.6,6,"2,540,975,438",46,"55,238,597","1,523","1,668,402","80,393","50,000","1,360,707","5,000",8,21,25,39,40,44,18
2014,613,2014.8.30,9,"1,549,831,209",30,"77,491,561","1,538","1,511,539","77,945","50,000","1,299,580","5,000",7,8,11,16,41,44,35
2014,612,2014.8.23,11,"1,181,705,250",59,"36,719,655","1,833","1,181,921","86,228","50,000","1,364,516","5,000",6,9,18,19,25,33,40
2014,611,2014.8.16,4,"3,502,706,157",47,"49,683,776","1,486","1,571,425","74,589","50,000","1,258,998","5,000",2,22,27,33,36,37,14
2014,610,2014.8.9,4,"3,516,018,375",34,"68,941,537","1,398","1,676,690","71,718","50,000","1,218,676","5,000",14,18,20,23,28,36,33
2014,609,2014.8.2,2,"6,339,311,438",47,"44,959,656","1,621","1,303,581","80,472","50,000","1,300,134","5,000",4,8,27,34,39,40,13
2014,608,2014.7.26,7,"1,943,530,018",32,"70,857,866","1,516","1,495,681","74,353","50,000","1,243,159","5,000",4,8,18,19,39,44,41
2014,607,2014.7.19,4,"3,494,480,907",35,"66,561,542","1,448","1,608,878","73,277","50,000","1,220,405","5,000",8,14,23,36,38,39,13
2014,606,2014.7.12,10,"1,311,566,850",44,"49,680,563","1,542","1,417,604","82,879","50,000","1,366,588","5,000",1,5,6,14,20,39,22
2014,605,2014.7.5,9,"1,394,232,250",40,"52,283,710","2,286","914,851","92,980","50,000","1,386,335","5,000",1,2,7,9,10,38,42
2014,604,2014.6.28,11,"1,229,141,557",36,"62,595,172","1,451","1,553,016","75,476","50,000","1,266,398","5,000",2,6,18,21,33,34,30
2014,603,2014.6.21,4,"3,452,136,563",30,"76,714,146","1,363","1,688,500","71,799","50,000","1,227,396","5,000",2,19,25,26,27,43,28
2014,602,2014.6.14,8,"1,689,530,860",42,"53,635,901","1,675","1,344,901","77,026","50,000","1,251,693","5,000",13,14,22,27,30,38,2
2014,601,2014.6.7,9,"1,524,565,209",28,"81,673,137","1,516","1,508,475","72,233","50,000","1,205,559","5,000",2,16,19,31,34,35,37
